 start_time,end_time,servce_provider,longi,lati,upload_speed,download_speed,delay,bandwith_1,earfcn_1,physical_cell_id_1,plmn_1,global_cell_id_1,ecgi_1,rsrp_1,rsrq_1,sinr_1,bandwith_2,earfcn_2,physical_cell_id_2,plmn_2,global_cell_id_1,ecgi_2,rsrp_2,rsrq_2,sinr_2,altitude
2022-06-14 19_25_23.773137,2022-06-14 19_25_55.265043,JIO,NA,NA,5.76020720960231,13.1979718105998,64.876,20MHz,38948,129,405854,2001941,405854006f01e8c15,-70dBm,-10dB,5dB,20MHz,38948,129,405854,2001941,405854006f01e8c15,-85dBm,-10dB,19dB,0
2022-06-14 19_26_12.052492,2022-06-14 19_26_45.918986,JIO,NA,NA,5.36573645583603,10.5165788429094,50.459,20MHz,38948,129,405854,2001941,405854006f01e8c15,-95dBm,-10dB,11dB,20MHz,38948,129,405854,2001941,405854006f01e8c15,-95dBm,-10dB,5dB,0
2022-06-14 19_27_05.429460,2022-06-14 19_27_34.279848,JIO,NA,NA,5.75447113061073,13.5792531392525,57.499,20MHz,38948,129,405854,2001941,405854006f01e8c15,-95dBm,-10dB,14dB,20MHz,38948,129,405854,2001941,405854006f01e8c15,-89dBm,-10dB,10dB,0
2022-06-14 19_28_12.114365,2022-06-14 19_28_42.210837,JIO,NA,NA,5.2976481386461,13.0970988307709,57.073,20MHz,38948,129,405854,2001941,405854006f01e8c15,-94dBm,-10dB,9dB,20MHz,38948,129,405854,2001941,405854006f01e8c15,-94dBm,-10dB,14dB,0
2022-06-14 19_29_43.271729,2022-06-14 19_30_18.642265,JIO,NA,NA,6.61850261451846,15.1843766760268,50.373,20MHz,38948,129,405854,2001941,405854006f01e8c15,-94dBm,-10dB,17dB,20MHz,38948,129,405854,2001941,405854006f01e8c15,-94dBm,-10dB,16dB,0
2022-06-14 19_32_14.094977,2022-06-14 19_32_54.381146,JIO,NA,NA,4.39812224131658,12.5637838209728,56.901,20MHz,38948,129,405854,2001941,405854006f01e8c15,-93dBm,-10dB,17dB,20MHz,38948,129,405854,2001941,405854006f01e8c15,-86dBm,-10dB,19dB,1
2022-06-14 19_33_09.756162,2022-06-14 19_33_40.221233,JIO,NA,NA,6.09364673083543,14.726038366152,57.669,20MHz,38948,129,405854,2001941,405854006f01e8c15,-86dBm,-10dB,2dB,20MHz,38948,129,405854,2001941,405854006f01e8c15,-91dBm,-10dB,2dB,1
2022-06-14 19_33_53.501060,2022-06-14 19_34_22.398993,JIO,NA,NA,6.41525759222962,13.0104037611676,54.312,20MHz,38948,129,405854,2001941,405854006f01e8c15,-91dBm,-10dB,12dB,20MHz,38948,129,405854,2001941,405854006f01e8c15,-91dBm,-10dB,14dB,1
2022-06-14 19_34_55.673179,2022-06-14 19_35_24.600875,JIO,NA,NA,5.54819358291164,16.6507991029433,56.563,20MHz,38948,129,405854,2001941,405854006f01e8c15,-91dBm,-10dB,12dB,20MHz,38948,129,405854,2001941,405854006f01e8c15,-91dBm,-10dB,9dB,1
2022-06-14 19_35_48.612693,2022-06-14 19_36_22.364792,JIO,NA,NA,5.34491203115089,15.7383898597127,63.716,20MHz,38948,129,405854,2001941,405854006f01e8c15,-91dBm,-10dB,9dB,20MHz,38948,129,405854,2001941,405854006f01e8c15,-88dBm,-10dB,5dB,1
2022-06-14 19_38_57.465552,2022-06-14 19_39_26.540574,JIO,NA,NA,6.68200195218053,19.0227813879376,56.874,20MHz,38948,129,405854,2001941,405854006f01e8c15,-87dBm,-16dB,20dB,20MHz,38948,129,405854,2001941,405854006f01e8c15,-87dBm,-10dB,19dB,2
2022-06-14 19_40_45.537758,2022-06-14 19_41_19.847720,JIO,NA,NA,6.05937061666673,18.0148431679033,53.255,20MHz,38948,129,405854,2001941,405854006f01e8c15,-87dBm,-10dB,5dB,20MHz,38948,129,405854,2001941,405854006f01e8c15,-87dBm,-10dB,15dB,2
2022-06-14 19_41_49.149294,2022-06-14 19_42_21.786098,JIO,NA,NA,6.14943836268128,17.1284513926265,54.469,20MHz,38948,129,405854,2001941,405854006f01e8c15,-87dBm,-10dB,15dB,20MHz,38948,129,405854,2001941,405854006f01e8c15,-87dBm,-15dB,11dB,2
2022-06-14 19_42_52.424940,2022-06-14 19_43_26.507674,JIO,NA,NA,5.95735756423657,21.8659103575393,51.868,20MHz,38948,129,405854,2001941,405854006f01e8c15,-87dBm,-10dB,19dB,20MHz,38948,129,405854,2001941,405854006f01e8c15,-87dBm,-9dB,18dB,2
2022-06-14 19_43_52.752756,2022-06-14 19_44_29.021890,JIO,NA,NA,5.84781970577856,15.9256787382442,53.718,20MHz,38948,129,405854,2001941,405854006f01e8c15,-87dBm,-14dB,18dB,20MHz,38948,129,405854,2001941,405854006f01e8c15,-94dBm,-14dB,5dB,2
2022-06-14 19_47_50.293606,2022-06-14 19_48_19.555450,JIO,NA,NA,4.74073429705646,20.0435138969225,56.597,20MHz,38750,350,405854,2001938,405854006f01e8c12,-89dBm,-9dB,14dB,20MHz,38750,350,405854,2001938,405854006f01e8c12,-89dBm,-9dB,9dB,3
2022-06-14 19_50_06.405332,2022-06-14 19_50_35.374229,JIO,NA,NA,5.38284787217569,20.6990084601387,52.059,20MHz,38750,350,405854,2001938,405854006f01e8c12,-89dBm,-14dB,12dB,20MHz,38750,350,405854,2001938,405854006f01e8c12,-89dBm,-14dB,19dB,3
2022-06-14 19_50_54.929341,2022-06-14 19_51_23.664069,JIO,NA,NA,5.23749679098969,21.6599570277247,55.389,20MHz,38750,350,405854,2001938,405854006f01e8c12,-89dBm,-14dB,17dB,20MHz,38750,350,405854,2001938,405854006f01e8c12,-89dBm,-14dB,11dB,3
2022-06-14 19_51_57.376430,2022-06-14 19_52_27.257315,JIO,NA,NA,4.67342369035326,13.7511901804808,56.968,20MHz,38750,350,405854,2001938,405854006f01e8c12,-89dBm,-14dB,6dB,20MHz,38750,350,405854,2001938,405854006f01e8c12,-94dBm,-14dB,8dB,3
2022-06-14 19_53_02.150415,2022-06-14 19_54_01.592542,JIO,NA,NA,5.65941904634322,15.275232939568,63.818,20MHz,38750,350,405854,2001938,405854006f01e8c12,-88dBm,-14dB,11dB,20MHz,38750,350,405854,2001938,405854006f01e8c12,-88dBm,-14dB,18dB,3
2022-06-14 19_55_02.104157,2022-06-14 19_55_45.047929,JIO,NA,NA,4.62923785663729,21.4169795026653,55.015,20MHz,38750,350,405854,2001938,405854006f01e8c12,-89dBm,-14dB,3dB,20MHz,38750,350,405854,2001938,405854006f01e8c12,-99dBm,-14dB,10dB,4
2022-06-14 19_55_50.651630,2022-06-14 19_56_21.898807,JIO,NA,NA,4.83766295854497,16.2909214744498,55.105,20MHz,38750,350,405854,2001938,405854006f01e8c12,-100dBm,-14dB,5dB,20MHz,38750,350,405854,2001938,405854006f01e8c12,-93dBm,-14dB,11dB,4
2022-06-14 19_56_46.571407,2022-06-14 19_57_21.117347,JIO,NA,NA,4.8265245402458,18.7394916223513,63.806,20MHz,38750,350,405854,2001938,405854006f01e8c12,-93dBm,-14dB,8dB,20MHz,38750,350,405854,2001938,405854006f01e8c12,-93dBm,-14dB,10dB,4
2022-06-14 19_58_03.796317,2022-06-14 19_58_46.217452,JIO,NA,NA,5.48634592795261,11.5661392771026,56.294,20MHz,38750,350,405854,2001938,405854006f01e8c12,-93dBm,-9dB,12dB,20MHz,38750,350,405854,2001938,405854006f01e8c12,-93dBm,-14dB,8dB,4
2022-06-14 19_59_01.339528,2022-06-14 19_59_41.272156,JIO,NA,NA,5.79586454100052,9.0385933578034,57.301,20MHz,38750,350,405854,2001938,405854006f01e8c12,-93dBm,-14dB,20dB,20MHz,38750,350,405854,2001938,405854006f01e8c12,-93dBm,-14dB,8dB,4
2022-06-14 20_04_11.639461,2022-06-14 20_04_42.677315,JIO,NA,NA,3.79284045011832,8.48980872127398,72.714,20MHz,38750,350,405854,2001938,405854006f01e8c12,-93dBm,-14dB,3dB,20MHz,38750,350,405854,2001938,405854006f01e8c12,-93dBm,-14dB,8dB,5
2022-06-14 20_04_54.890169,2022-06-14 20_05_25.261266,JIO,NA,NA,4.0398778929047,16.983771631447,60.083,20MHz,38750,350,405854,2001938,405854006f01e8c12,-93dBm,-14dB,4dB,20MHz,38750,350,405854,2001938,405854006f01e8c12,-99dBm,-14dB,0dB,5
2022-06-14 20_05_57.944342,2022-06-14 20_06_35.937097,JIO,NA,NA,5.44453966729904,18.0130458732901,60.689,20MHz,38750,350,405854,2001938,405854006f01e8c12,-99dBm,-9dB,1dB,20MHz,38750,350,405854,2001938,405854006f01e8c12,-97dBm,-14dB,3dB,5
2022-06-14 20_07_09.903570,2022-06-14 20_07_42.521079,JIO,NA,NA,5.1935751686144,8.05531055032392,67.163,20MHz,38750,350,405854,2001938,405854006f01e8c12,-97dBm,-14dB,9dB,20MHz,38750,350,405854,2001938,405854006f01e8c12,-97dBm,-14dB,5dB,5
2022-06-14 20_09_35.294113,2022-06-14 20_10_08.958990,JIO,NA,NA,5.56627754461193,15.5042422250012,59.734,20MHz,38750,350,405854,2001938,405854006f01e8c12,-94dBm,-9dB,8dB,20MHz,38750,350,405854,2001938,405854006f01e8c12,-94dBm,-14dB,7dB,5
2022-06-14 20_10_28.589868,2022-06-14 20_10_59.323980,JIO,NA,NA,4.96718790258291,15.6232541627654,60.582,20MHz,38750,350,405854,2001938,405854006f01e8c12,-94dBm,-14dB,3dB,20MHz,38750,350,405854,2001938,405854006f01e8c12,-94dBm,-14dB,6dB,6
2022-06-14 20_11_26.111276,2022-06-14 20_12_00.351279,JIO,NA,NA,5.01529205841132,12.9896760501737,60.373,20MHz,38750,350,405854,2001938,405854006f01e8c12,-94dBm,-14dB,12dB,20MHz,38750,350,405854,2001938,405854006f01e8c12,-94dBm,-14dB,5dB,6
2022-06-14 20_12_25.057554,2022-06-14 20_12_55.978508,JIO,NA,NA,3.88906854680342,10.5231781992953,67.391,20MHz,38750,350,405854,2001938,405854006f01e8c12,-94dBm,-14dB,7dB,20MHz,38750,350,405854,2001938,405854006f01e8c12,-89dBm,-14dB,1dB,6
2022-06-14 20_13_21.222719,2022-06-14 20_13_50.731234,JIO,NA,NA,4.55477802116446,7.67232568083395,62.203,20MHz,38750,350,405854,2001938,405854006f01e8c12,-89dBm,-14dB,4dB,20MHz,38750,350,405854,2001938,405854006f01e8c12,-90dBm,-14dB,7dB,6
2022-06-14 20_15_33.096661,2022-06-14 20_16_03.138359,JIO,NA,NA,2.80243134073148,13.7263433057938,58.31,20MHz,38750,350,405854,2001938,405854006f01e8c12,-96dBm,-14dB,8dB,20MHz,38750,350,405854,2001938,405854006f01e8c12,-101dBm,-14dB,11dB,6
2022-06-14 20_17_15.543350,2022-06-14 20_18_00.088940,JIO,NA,NA,0.714462915721112,7.42797662324315,63.107,20MHz,38750,350,405854,2001938,405854006f01e8c12,-96dBm,-14dB,6dB,20MHz,38750,350,405854,2001938,405854006f01e8c12,-96dBm,-14dB,11dB,7
2022-06-14 20_18_34.438394,2022-06-14 20_20_07.644336,JIO,NA,NA,3.12164393175825,9.44291360820404,124.048,20MHz,38750,350,405854,2001938,405854006f01e8c12,-97dBm,-14dB,3dB,20MHz,38750,350,405854,2001938,405854006f01e8c12,-96dBm,-14dB,2dB,7
2022-06-14 20_20_10.263851,2022-06-14 20_20_41.227852,JIO,NA,NA,4.91805577451517,11.2267159930138,63.391,20MHz,38750,350,405854,2001938,405854006f01e8c12,-96dBm,-14dB,2dB,20MHz,38750,350,405854,2001938,405854006f01e8c12,-96dBm,-14dB,6dB,7
2022-06-14 20_20_56.210239,2022-06-14 20_21_41.125292,JIO,NA,NA,3.19222128161269,8.1935277666251,59.893,20MHz,38750,350,405854,2001938,405854006f01e8c12,-102dBm,-14dB,6dB,20MHz,38750,350,405854,2001938,405854006f01e8c12,-99dBm,-14dB,8dB,7
2022-06-14 20_24_30.394494,2022-06-14 20_25_03.850342,JIO,NA,NA,4.28500544202381,13.8884146322777,64.53,20MHz,38948,129,405854,2001941,405854006f01e8c15,-92dBm,-14dB,17dB,20MHz,38948,129,405854,2001941,405854006f01e8c15,-94dBm,-14dB,15dB,7
2022-06-14 20_25_55.181749,2022-06-14 20_26_24.900790,JIO,NA,NA,5.28265063898206,15.8090621887152,65.564,20MHz,38948,129,405854,2001941,405854006f01e8c15,-88dBm,-14dB,20dB,20MHz,38948,129,405854,2001941,405854006f01e8c15,-92dBm,-14dB,17dB,0
2022-06-14 20_26_55.514501,2022-06-14 20_27_24.977723,JIO,NA,NA,5.34336155461561,14.6506424122319,60.541,20MHz,38948,129,405854,2001941,405854006f01e8c15,-92dBm,-14dB,15dB,20MHz,38948,129,405854,2001941,405854006f01e8c15,-92dBm,-14dB,10dB,0
2022-06-14 20_28_12.346069,2022-06-14 20_28_46.783669,JIO,NA,NA,6.37366254156969,13.2909413421761,67.057,20MHz,38948,129,405854,2001941,405854006f01e8c15,-92dBm,-14dB,19dB,20MHz,38948,129,405854,2001941,405854006f01e8c15,-91dBm,-14dB,17dB,0
2022-06-14 20_29_12.369897,2022-06-14 20_29_43.162191,JIO,NA,NA,6.04620967835028,18.0737438591441,59.454,20MHz,38948,129,405854,2001941,405854006f01e8c15,-92dBm,-9dB,6dB,20MHz,38948,129,405854,2001941,405854006f01e8c15,-87dBm,-9dB,10dB,0
2022-06-14 20_31_14.886030,2022-06-14 20_31_54.971685,JIO,NA,NA,5.62888831757285,15.5195932950967,56.922,20MHz,38948,129,405854,2001941,405854006f01e8c15,-92dBm,-10dB,17dB,20MHz,38948,129,405854,2001941,405854006f01e8c15,-86dBm,-10dB,5dB,0
2022-06-14 20_32_22.405475,2022-06-14 20_32_55.489837,JIO,NA,NA,3.83018863503254,12.5253491989719,63.263,20MHz,38948,129,405854,2001941,405854006f01e8c15,-91dBm,-10dB,13dB,20MHz,38948,129,405854,2001941,405854006f01e8c15,-91dBm,-10dB,22dB,1
2022-06-14 20_34_42.802303,2022-06-14 20_35_16.744802,JIO,NA,NA,5.84304394540053,9.14178402887061,66.635,20MHz,38948,129,405854,2001941,405854006f01e8c15,-86dBm,-10dB,21dB,20MHz,38948,129,405854,2001941,405854006f01e8c15,-85dBm,-10dB,7dB,1
2022-06-14 20_35_48.211880,2022-06-14 20_36_43.550613,JIO,NA,NA,6.02436367714634,14.7070232643086,55.011,20MHz,38948,129,405854,2001941,405854006f01e8c15,-92dBm,-10dB,19dB,20MHz,38948,129,405854,2001941,405854006f01e8c15,-87dBm,-10dB,19dB,1
2022-06-14 20_38_26.494382,2022-06-14 20_38_57.254747,JIO,NA,NA,18.1643992179017,10.4242190579261,48.657,1OMHz,2453,161,405854,2001970,405854006f01 e8c32,-90dBm,-10dB,21dB,1OMHz,2453,161,405854,2001970,405854006f01 e8c32,-87dBm,-10dB,19dB,1
2022-06-14 20_40_48.562689,2022-06-14 20_41_17.865171,JIO,NA,NA,5.67668681478888,23.2606033587108,58.247,20MHz,38750,350,405854,2001938,405854006f01e8c12,-88dBm,-10dB,20dB,20MHz,38750,350,405854,2001938,405854006f01e8c12,-88dBm,-10dB,22dB,1
2022-06-14 20_42_36.761499,2022-06-14 20_43_17.265800,JIO,NA,NA,4.40895510756781,14.096080500543,81.417,20MHz,38750,350,405854,2001938,405854006f01e8c12,-92dBm,-10dB,13dB,20MHz,38750,350,405854,2001938,405854006f01e8c12,-86dBm,-10dB,17dB,2
2022-06-14 20_44_39.165776,2022-06-14 20_45_13.307430,JIO,NA,NA,6.17536815273886,15.8235847451068,55.017,20MHz,38750,350,405854,2001938,405854006f01e8c12,-82dBm,-10dB,10dB,20MHz,38750,350,405854,2001938,405854006f01e8c12,-82dBm,-10dB,23dB,2
2022-06-14 20_45_20.187463,2022-06-14 20_46_03.853377,JIO,NA,NA,6.14804666352658,19.3872677169055,80.988,20MHz,38750,350,405854,2001938,405854006f01e8c12,-87dBm,-10dB,19dB,20MHz,38750,350,405854,2001938,405854006f01e8c12,-87dBm,-10dB,18dB,2
2022-06-14 20_46_13.094607,2022-06-14 20_46_44.851174,JIO,NA,NA,5.74963071231525,19.9171645887529,63.775,20MHz,38750,350,405854,2001938,405854006f01e8c12,-87dBm,-10dB,19dB,20MHz,38750,350,405854,2001938,405854006f01e8c12,-88dBm,-10dB,19dB,2
2022-06-14 20_48_40.407309,2022-06-14 20_49_17.350596,JIO,NA,NA,5.16380260373827,10.4228470775188,62.346,20MHz,38750,350,405854,2001938,405854006f01e8c12,-88dBm,-11dB,16dB,20MHz,38750,350,405854,2001938,405854006f01e8c12,-89dBm,-11dB,17dB,2
2022-06-14 20_49_49.943155,2022-06-14 20_50_27.671377,JIO,NA,NA,5.71238794690782,17.4006676765627,63.683,20MHz,38750,350,405854,2001938,405854006f01e8c12,-89dBm,-11dB,7dB,20MHz,38750,350,405854,2001938,405854006f01e8c12,-84dBm,-11dB,10dB,3
2022-06-14 20_51_05.056904,2022-06-14 20_51_34.496243,JIO,NA,NA,6.2615068472454,20.6018243239526,53.377,20MHz,38750,350,405854,2001938,405854006f01e8c12,-91dBm,-11dB,8dB,20MHz,38750,350,405854,2001938,405854006f01e8c12,-84dBm,-11dB,13dB,3
2022-06-14 20_53_06.742683,2022-06-14 20_53_46.205815,JIO,NA,NA,6.04261531808477,13.6486949857636,59.851,20MHz,38750,350,405854,2001938,405854006f01e8c12,-86dBm,-11dB,10dB,20MHz,38750,350,405854,2001938,405854006f01e8c12,-89dBm,-11dB,10dB,3
2022-06-14 20_54_00.769246,2022-06-14 20_54_34.169849,JIO,NA,NA,5.67524054780157,10.4480437226391,57.029,20MHz,38750,350,405854,2001938,405854006f01e8c12,-89dBm,-11dB,5dB,20MHz,38750,350,405854,2001938,405854006f01e8c12,-84dBm,-11dB,10dB,3
2022-06-14 20_56_35.705536,2022-06-14 20_57_10.117477,JIO,NA,NA,8.1546350878914,15.1114619713515,61.04,1OMHz,2453,161,405854,2001970,405854006f01 e8c32,-90dBm,-7dB,13dB,1OMHz,2453,161,405854,2001970,405854006f01 e8c32,-90dBm,-7dB,7dB,3
2022-06-14 20_57_28.905641,2022-06-14 20_58_02.366239,JIO,NA,NA,10.7303235171666,11.4735138300983,62.349,1OMHz,2453,161,405854,2001970,405854006f01 e8c32,-90dBm,-7dB,7dB,1OMHz,2453,161,405854,2001970,405854006f01 e8c32,-90dBm,-7dB,12dB,4
2022-06-14 20_59_09.575075,2022-06-14 20_59_41.766429,JIO,NA,NA,4.49222648206219,13.5770054011373,67.213,20MHz,38750,350,405854,2001938,405854006f01e8c12,-99dBm,-15dB,4dB,20MHz,38750,350,405854,2001938,405854006f01e8c12,-99dBm,-15dB,0dB,4
2022-06-14 21_01_07.696151,2022-06-14 21_01_55.028249,JIO,NA,NA,4.72738241155599,16.0936550847169,61.315,20MHz,38750,350,405854,2001938,405854006f01e8c12,-93dBm,-10dB,12dB,20MHz,38750,350,405854,2001938,405854006f01e8c12,-93dBm,-10dB,4dB,4
2022-06-14 21_02_10.256796,2022-06-14 21_02_41.150986,JIO,NA,NA,5.52269994866897,21.8491708395553,59.2,20MHz,38750,350,405854,2001938,405854006f01e8c12,-93dBm,-10dB,7dB,20MHz,38750,350,405854,2001938,405854006f01e8c12,-93dBm,-10dB,4dB,4
2022-06-14 21_05_33.815772,2022-06-14 21_06_04.440867,JIO,NA,NA,4.73564560345081,16.4211231131583,60.408,20MHz,38750,350,405854,2001938,405854006f01e8c12,-87dBm,-11dB,13dB,20MHz,38750,350,405854,2001938,405854006f01e8c12,-87dBm,-11dB,15dB,4
2022-06-14 21_06_38.605619,2022-06-14 21_07_51.090044,JIO,NA,NA,3.30253049361776,11.0284418698394,180.876,20MHz,38750,350,405854,2001938,405854006f01e8c12,-87dBm,-11dB,10dB,20MHz,38750,350,405854,2001938,405854006f01e8c12,-92dBm,-11dB,11dB,5
2022-06-14 21_08_21.978075,2022-06-14 21_09_51.628358,JIO,NA,NA,0.140231236518098,4.183155951265,62.603,20MHz,38750,350,405854,2001938,405854006f01e8c12,-86dBm,-11dB,20dB,20MHz,38750,350,405854,2001938,405854006f01e8c12,-99dBm,-16dB,4dB,5
2022-06-14 21_10_45.699742,2022-06-14 21_12_13.010187,JIO,NA,NA,0.072422963989589,0.036431686578983,64.048,20MHz,38750,350,405854,2001938,405854006f01e8c12,-91dBm,-11dB,11dB,20MHz,38750,350,405854,2001938,405854006f01e8c12,-95dBm,-11dB,12dB,5
2022-06-14 21_14_08.329389,2022-06-14 21_15_41.285952,JIO,NA,NA,0.096934147670041,0.041803316061314,64.032,20MHz,38750,350,405854,2001938,405854006f01e8c12,-97dBm,-11dB,8dB,20MHz,38750,350,405854,2001938,405854006f01e8c12,-99dBm,-11dB,6dB,5
2022-06-14 21_15_55.709265,2022-06-14 21_17_31.316671,JIO,NA,NA,0.096633670695103,0.044045363713712,65.563,20MHz,38750,350,405854,2001938,405854006f01e8c12,-99dBm,-11dB,12dB,20MHz,38750,350,405854,2001938,405854006f01e8c12,-94dBm,-11dB,4dB,5
2022-06-14 21_20_11.478995,2022-06-14 21_21_39.206413,JIO,NA,NA,0.080893990936944,0.048374580256424,64.604,20MHz,38750,350,405854,2001938,405854006f01e8c12,-92dBm,-11dB,8dB,20MHz,38750,350,405854,2001938,405854006f01e8c12,-96dBm,-11dB,7dB,6
2022-06-14 21_21_54.885400,2022-06-14 21_23_13.595183,JIO,NA,NA,0.082737922883006,0.051621142216389,67.46,20MHz,38750,350,405854,2001938,405854006f01e8c12,-96dBm,-11dB,4dB,20MHz,38750,350,405854,2001938,405854006f01e8c12,-91dBm,-11dB,8dB,6
2022-06-14 21_23_35.352982,2022-06-14 21_25_01.632481,JIO,NA,NA,0.111798686280994,0.035312539600013,68.605,20MHz,38750,350,405854,2001938,405854006f01e8c12,-98dBm,-11dB,9dB,20MHz,38750,350,405854,2001938,405854006f01e8c12,-92dBm,-11dB,8dB,6
2022-06-14 21_25_15.892297,2022-06-14 21_26_34.183826,JIO,NA,NA,0.093385609334742,0.043110302553203,71.999,20MHz,38750,350,405854,2001938,405854006f01e8c12,-97dBm,-11dB,10dB,20MHz,38750,350,405854,2001938,405854006f01e8c12,-98dBm,-11dB,10dB,6
2022-06-14 21_27_18.454700,2022-06-14 21_28_51.059597,JIO,NA,NA,0.079236489470422,0.035208340233466,68.906,20MHz,38750,350,405854,2001938,405854006f01e8c12,-98dBm,-11dB,4dB,20MHz,38750,350,405854,2001938,405854006f01e8c12,-101dBm,-11dB,10dB,6
2022-06-14 21_31_52.305878,2022-06-14 21_33_26.966648,JIO,NA,NA,0.082915803802453,0.0422917823226,70.919,20MHz,38750,350,405854,2001938,405854006f01e8c12,-98dBm,-10dB,10dB,20MHz,38750,350,405854,2001938,405854006f01e8c12,-98dBm,-10dB,9dB,7
2022-06-14 21_33_36.118291,2022-06-14 21_34_51.951226,JIO,NA,NA,0.097464047147156,0.04516321427162,69.092,20MHz,38750,350,405854,2001938,405854006f01e8c12,-98dBm,-10dB,8dB,20MHz,38750,350,405854,2001938,405854006f01e8c12,-99dBm,-10dB,6dB,7
2022-06-14 21_34_56.724652,2022-06-14 21_36_14.983007,JIO,NA,NA,0.089387012359169,0.045357946774426,70.896,20MHz,38750,350,405854,2001938,405854006f01e8c12,-99dBm,-10dB,5dB,20MHz,38750,350,405854,2001938,405854006f01e8c12,-99dBm,-10dB,11dB,7
2022-06-14 21_36_40.807577,2022-06-14 21_38_05.352721,JIO,NA,NA,0.103449288966681,0.046346704149865,68.774,20MHz,38750,350,405854,2001938,405854006f01e8c12,-99dBm,-10dB,4dB,20MHz,38750,350,405854,2001938,405854006f01e8c12,-94dBm,-10dB,13dB,7
2022-06-15 11_17_25.381726,2022-06-15 11_18_34.547226,JIO,NA,NA,6.96705023762782,17.6028326173079,81.31,20MHz,38948,129,405854,2001941,405854006f01e8c15,-83dBm,-10dB,23dB,20MHz,38948,129,405854,2001941,405854006f01e8c15,-75dBm,-10dB,8dB,7
2022-06-15 11_23_06.417333,2022-06-15 11_24_23.672685,JIO,NA,NA,6.33276563384675,23.6041915968174,72.239,1OMHz,1251,35,405854,2001957,405854006f01e8c25,-88dBm,-10dB,12dB,20MHz,38750,350,405854,2001938,405854006f01e8c12,-86dBm,-10dB,8dB,0
2022-06-15 11_24_30.042556,2022-06-15 11_25_44.651341,JIO,NA,NA,6.26280866522552,16.0263640003614,70.538,20MHz,38750,350,405854,2001938,405854006f01e8c12,-86dBm,-10dB,10dB,20MHz,38750,350,405854,2001938,405854006f01e8c12,-91dBm,-10dB,8dB,0
2022-06-15 11_26_10.863780,2022-06-15 11_27_27.648796,JIO,NA,NA,6.1206505738401,19.2955135065248,64.237,20MHz,38948,129,405854,2001941,405854006f01e8c15,-91dBm,-10dB,20dB,20MHz,38948,129,405854,2001941,405854006f01e8c15,-91dBm,-10dB,16dB,0
2022-06-15 11_27_31.150258,2022-06-15 11_28_26.978096,JIO,NA,NA,6.81779827192275,23.6121144849114,70.797,20MHz,38948,129,405854,2001941,405854006f01e8c15,-91dBm,-10dB,15dB,20MHz,38948,129,405854,2001941,405854006f01e8c15,-89dBm,-10dB,19dB,0
2022-06-15 11_31_10.112291,2022-06-15 11_32_24.226392,JIO,NA,NA,6.45463783464703,14.4494477311957,73.537,20MHz,38750,39,405854,2001936,405854006f01 e8c10,-89dBm,-15dB,18dB,20MHz,38750,350,405854,2001938,405854006f01e8c12,-86dBm,-10dB,3dB,0
2022-06-15 11_32_25.716754,2022-06-15 11_33_39.307228,JIO,NA,NA,5.47511786068853,13.8325677200164,72.208,20MHz,38750,350,405854,2001938,405854006f01e8c12,-86dBm,-10dB,13dB,20MHz,38750,350,405854,2001938,405854006f01e8c12,-101dBm,-10dB,8dB,1
2022-06-15 11_33_51.072039,2022-06-15 11_35_10.719216,JIO,NA,NA,4.14966863754118,19.1098788217292,70.756,20MHz,38750,350,405854,2001938,405854006f01e8c12,-96dBm,-15dB,3dB,20MHz,38750,350,405854,2001938,405854006f01e8c12,-108dBm,-11dB,17dB,1
2022-06-15 11_35_41.508914,2022-06-15 11_36_41.448543,JIO,NA,NA,2.15103282701096,6.84607524418208,74.224,20MHz,38750,350,405854,2001938,405854006f01e8c12,-108dBm,-11dB,13dB,20MHz,38750,39,405854,2001936,405854006f01 e8c10,-98dBm,-11dB,16dB,1
2022-06-15 11_37_18.824090,2022-06-15 11_38_36.587551,JIO,NA,NA,6.01043425443154,3.27541785516378,75.458,20MHz,38750,350,405854,2001938,405854006f01e8c12,-101dBm,-11dB,19dB,20MHz,38750,350,405854,2001938,405854006f01e8c12,-96dBm,-11dB,7dB,1
2022-06-15 11_40_49.137255,2022-06-15 11_41_45.829211,JIO,NA,NA,2.62602775056777,12.5276341782589,74.965,20MHz,38750,350,405854,2001938,405854006f01e8c12,-99dBm,-11dB,3dB,20MHz,38750,350,405854,2001938,405854006f01e8c12,-99dBm,-11dB,10dB,1
2022-06-15 11_44_07.249784,2022-06-15 11_45_18.765580,JIO,NA,NA,4.74580485723225,15.4999186840649,68.186,20MHz,38948,129,405854,2001941,405854006f01e8c15,-99dBm,-11dB,13dB,20MHz,38948,129,405854,2001941,405854006f01e8c15,-99dBm,-11dB,7dB,2
2022-06-15 11_45_59.557988,2022-06-15 11_47_13.279892,JIO,NA,NA,4.35616992233394,10.2288855866436,72.873,20MHz,38948,129,405854,2001941,405854006f01e8c15,-99dBm,-11dB,7dB,20MHz,38948,129,405854,2001941,405854006f01e8c15,-99dBm,-11dB,9dB,2
2022-06-15 11_48_15.925197,2022-06-15 11_49_24.351138,JIO,NA,NA,4.56483060532569,3.05530196990027,70.454,20MHz,38948,129,405854,2001941,405854006f01e8c15,-99dBm,-11dB,11dB,20MHz,38948,129,405854,2001941,405854006f01e8c15,-99dBm,-11dB,5dB,2
2022-06-15 11_49_44.998809,2022-06-15 11_51_03.568530,JIO,NA,NA,5.15410025837263,20.6854145489484,76.367,20MHz,38948,129,405854,2001941,405854006f01e8c15,-99dBm,-11dB,8dB,20MHz,38948,129,405854,2001941,405854006f01e8c15,-94dBm,-11dB,7dB,2
2022-06-15 11_54_17.350953,2022-06-15 11_55_51.236605,JIO,NA,NA,6.68919927230306,20.3614505448732,71.913,20MHz,38750,350,405854,2001938,405854006f01e8c12,-86dBm,-11dB,10dB,20MHz,38750,350,405854,2001938,405854006f01e8c12,-88dBm,-11dB,18dB,2
2022-06-15 11_59_13.440122,2022-06-15 12_00_35.963003,JIO,NA,NA,6.89238959295791,16.2263057441122,73.278,20MHz,38750,350,405854,2001938,405854006f01e8c12,-88dBm,-11dB,9dB,20MHz,38750,350,405854,2001938,405854006f01e8c12,-88dBm,-11dB,19dB,3
2022-06-15 12_00_44.772807,2022-06-15 12_02_01.519008,JIO,NA,NA,6.34855124927787,25.6632704784505,76.975,20MHz,38750,350,405854,2001938,405854006f01e8c12,-88dBm,-11dB,17dB,20MHz,38750,350,405854,2001938,405854006f01e8c12,-88dBm,-11dB,9dB,3
2022-06-15 12_02_07.971437,2022-06-15 12_03_35.287506,JIO,NA,NA,5.99746492209762,15.5453349254908,74.27,20MHz,38750,350,405854,2001938,405854006f01e8c12,-88dBm,-11dB,16dB,1OMHz,2453,161,405854,2001970,405854006f01 e8c32,-94dBm,-11dB,10dB,3
2022-06-15 12_03_58.857596,2022-06-15 12_05_17.434650,JIO,NA,NA,5.90038222084923,14.8623549337089,70.963,1OMHz,2453,161,405854,2001970,405854006f01 e8c32,-94dBm,-11dB,3dB,20MHz,38750,350,405854,2001938,405854006f01e8c12,-89dBm,-11dB,14dB,3
2022-06-15 12_06_43.079981,2022-06-15 12_07_42.496212,JIO,NA,NA,5.32491628819028,14.2087258065404,68.418,1OMHz,2453,161,405854,2001970,405854006f01 e8c32,-90dBm,-10dB,13dB,20MHz,38750,350,405854,2001938,405854006f01e8c12,-95dBm,-15dB,10dB,3
2022-06-15 12_07_47.653276,2022-06-15 12_08_41.188211,JIO,NA,NA,4.96191208596257,16.2365562788592,74.872,20MHz,38750,350,405854,2001938,405854006f01e8c12,-95dBm,-10dB,8dB,20MHz,38750,350,405854,2001938,405854006f01e8c12,-95dBm,-15dB,8dB,4
2022-06-15 12_09_37.855492,2022-06-15 12_10_50.987495,JIO,NA,NA,5.95200173005301,22.3106097268552,71.343,20MHz,38750,350,405854,2001938,405854006f01e8c12,-89dBm,-10dB,11dB,20MHz,38948,129,405854,2001941,405854006f01e8c15,-96dBm,-10dB,6dB,4
2022-06-15 12_11_22.789635,2022-06-15 12_12_39.428233,JIO,NA,NA,6.7277771474849,15.0478372668406,77.723,20MHz,38948,129,405854,2001941,405854006f01e8c15,-96dBm,-10dB,6dB,20MHz,38948,129,405854,2001941,405854006f01e8c15,-91dBm,-10dB,12dB,4
2022-06-15 12_12_46.233468,2022-06-15 12_13_56.943191,JIO,NA,NA,5.66956874389361,20.8512441280307,74.193,20MHz,38948,129,405854,2001941,405854006f01e8c15,-91dBm,-10dB,9dB,20MHz,38948,129,405854,2001941,405854006f01e8c15,-91dBm,-10dB,8dB,4
2022-06-15 12_18_24.527073,2022-06-15 12_19_33.956626,JIO,NA,NA,5.28536098392096,12.8245401540223,78.938,20MHz,38750,350,405854,2001938,405854006f01e8c12,-102dBm,-15dB,4dB,20MHz,38750,350,405854,2001938,405854006f01e8c12,-93dBm,-10dB,7dB,4
2022-06-15 12_22_46.835730,2022-06-15 12_23_53.592043,JIO,NA,NA,4.3032755750272,6.74788880619532,71.506,20MHz,38750,335,405854,6302482,405854006f0602b12,-98dBm,-12ddB,1dB,20MHz,38750,335,405854,6302482,405854006f0602b12,-98dBm,-12ddB,1dB,5
2022-06-15 12_23_59.373350,2022-06-15 12_25_01.563641,JIO,NA,NA,4.62197127084564,11.2310943450463,75.935,20MHz,38750,335,405854,6302482,405854006f0602b12,-98dBm,-12ddB,2dB,20MHz,38750,335,405854,6302482,405854006f0602b12,-98dBm,-12ddB,1dB,5
2022-06-15 12_25_13.658773,2022-06-15 12_26_31.953000,JIO,NA,NA,3.96830786157476,8.53849336348728,74.266,20MHz,38750,335,405854,6302482,405854006f0602b12,-98dBm,-12ddB,1dB,20MHz,38750,335,405854,6302482,405854006f0602b12,-98dBm,-12ddB,2dB,5
2022-06-15 12_26_45.282245,2022-06-15 12_27_59.067996,JIO,NA,NA,4.05551999256354,7.30503948862085,80.523,20MHz,38750,335,405854,6302482,405854006f0602b12,-98dBm,-12ddB,2dB,20MHz,38750,335,405854,6302482,405854006f0602b12,-98dBm,-12ddB,1dB,5
2022-06-15 12_30_20.903790,2022-06-15 12_31_36.626199,JIO,NA,NA,7.0936752862266,10.8678686284607,77.437,20MHz,38948,129,405854,2001941,405854006f01e8c15,-85dBm,-10dB,13dB,20MHz,38948,129,405854,2001941,405854006f01e8c15,-85dBm,-15dB,8dB,5
2022-06-15 12_31_48.912914,2022-06-15 12_32_39.647863,JIO,NA,NA,6.2374714403987,11.9158931116397,69.65,20MHz,38948,129,405854,2001941,405854006f01e8c15,-85dBm,-15dB,11dB,20MHz,38948,129,405854,2001941,405854006f01e8c15,-90dBm,-15dB,6dB,6
2022-06-15 12_33_03.906141,2022-06-15 12_34_07.685962,JIO,NA,NA,6.96440269689237,15.180646770429,75.279,20MHz,38948,129,405854,2001941,405854006f01e8c15,-90dBm,-10dB,11dB,20MHz,38948,129,405854,2001941,405854006f01e8c15,-90dBm,-10dB,10dB,6
2022-06-15 12_34_38.358117,2022-06-15 12_35_34.912952,JIO,NA,NA,5.60340996893999,13.8014097410151,69.132,1OMHz,2453,161,405854,2001970,405854006f01 e8c32,-83dBm,-10dB,13dB,20MHz,38750,350,405854,2001938,405854006f01e8c12,-88dBm,-10dB,4dB,6
2022-06-15 12_35_45.927810,2022-06-15 12_36_55.321833,JIO,NA,NA,5.63263664481289,9.60337404630628,81.768,20MHz,38750,350,405854,2001938,405854006f01e8c12,-94dBm,-10dB,5dB,20MHz,38750,350,405854,2001938,405854006f01e8c12,-94dBm,-10dB,10dB,6
2022-06-15 12_48_50.079201,2022-06-15 12_49_55.669493,JIO,NA,NA,5.60670826003957,17.7292495828053,82.497,20MHz,38750,350,405854,2001938,405854006f01e8c12,-96dBm,-15dB,13dB,20MHz,38750,350,405854,2001938,405854006f01e8c12,-96dBm,-15dB,5dB,6
2022-06-15 12_50_03.443240,2022-06-15 12_51_04.442242,JIO,NA,NA,6.13569547929131,15.0876461278452,72.281,20MHz,38750,350,405854,2001938,405854006f01e8c12,-96dBm,-9dB,15dB,20MHz,38750,350,405854,2001938,405854006f01e8c12,-91dBm,-14dB,8dB,7
2022-06-15 12_51_19.430068,2022-06-15 12_52_23.497172,JIO,NA,NA,5.66436847182138,16.5706732177001,72.572,20MHz,38750,350,405854,2001938,405854006f01e8c12,-96dBm,-14dB,9dB,20MHz,38750,350,405854,2001938,405854006f01e8c12,-96dBm,-14dB,7dB,7
2022-06-15 12_52_30.703047,2022-06-15 12_53_57.835058,JIO,NA,NA,6.1696198637542,17.0953811307881,69.66,20MHz,38750,350,405854,2001938,405854006f01e8c12,-96dBm,-9dB,7dB,20MHz,38750,350,405854,2001938,405854006f01e8c12,-94dBm,-9dB,15dB,7
2022-06-15 12_56_05.297332,2022-06-15 12_57_03.757946,JIO,NA,NA,5.94641266219418,15.7150456764493,70.649,20MHz,38750,350,405854,2001938,405854006f01e8c12,-90dBm,-9dB,4dB,20MHz,38750,350,405854,2001938,405854006f01e8c12,-97dBm,-15dB,11dB,7
2022-06-15 13_15_07.395113,2022-06-15 13_16_23.397329,JIO,NA,NA,16.3350077144572,25.4896290186032,68.543,1OMHz,2453,161,405854,2001970,405854006f01 e8c32,-89dBm,-10dB,20dB,1OMHz,2453,161,405854,2001970,405854006f01 e8c32,-91dBm,-10dB,14dB,7
2022-06-15 13_16_24.895194,2022-06-15 13_17_22.638511,JIO,NA,NA,15.0723336476685,22.2389400330967,62.41,1OMHz,2453,161,405854,2001970,405854006f01 e8c32,-83dBm,-10dB,10dB,1OMHz,2453,161,405854,2001970,405854006f01 e8c32,-91dBm,-10dB,11dB,0
2022-06-15 13_17_28.855623,2022-06-15 13_18_47.865013,JIO,NA,NA,18.2035972662432,13.2245443326754,68.196,1OMHz,2453,161,405854,2001970,405854006f01 e8c32,-94dBm,-10dB,14dB,1OMHz,2453,161,405854,2001970,405854006f01 e8c32,-87dBm,-10dB,20dB,0
2022-06-15 13_18_56.501948,2022-06-15 13_19_42.143803,JIO,NA,NA,17.210440926046,23.7512250289682,64.642,1OMHz,2453,161,405854,2001970,405854006f01 e8c32,-87dBm,-10dB,18dB,1OMHz,2453,161,405854,2001970,405854006f01 e8c32,-87dBm,-10dB,15dB,0
2022-06-15 13_25_36.323616,2022-06-15 13_26_18.211791,JIO,NA,NA,6.1446135211989,15.312844843827,75.563,20MHz,38948,129,405854,2001941,405854006f01e8c15,-87dBm,-10dB,12dB,20MHz,38948,129,405854,2001941,405854006f01e8c15,-85dBm,-10dB,13dB,0
2022-06-15 13_32_48.049119,2022-06-15 13_33_39.919770,JIO,NA,NA,2.8226188253605,14.3095298298082,74.647,20MHz,38948,129,405854,2001941,405854006f01e8c15,-103dBm,-9dB,10dB,20MHz,38948,129,405854,2001941,405854006f01e8c15,-103dBm,-9dB,16dB,0
2022-06-15 13_33_56.886169,2022-06-15 13_34_36.491549,JIO,NA,NA,4.79932921351294,10.349195853075,75.28,20MHz,38948,129,405854,2001941,405854006f01e8c15,-103dBm,-9dB,10dB,20MHz,38948,129,405854,2001941,405854006f01e8c15,-99dBm,-14dB,9dB,1
2022-06-15 13_34_50.906923,2022-06-15 13_36_07.349800,JIO,NA,NA,2.48593615569479,11.8842471279625,72.994,20MHz,38948,129,405854,2001941,405854006f01e8c15,-104dBm,-14dB,5dB,20MHz,38948,129,405854,2001941,405854006f01e8c15,-107dBm,-14dB,7dB,1
2022-06-15 13_36_21.345630,2022-06-15 13_37_00.948344,JIO,NA,NA,2.37625621985591,10.7725593367551,77.485,20MHz,38948,129,405854,2001941,405854006f01e8c15,-107dBm,-14dB,11dB,20MHz,38750,350,405854,2001938,405854006f01e8c12,-106dBm,-9dB,9dB,1
2022-06-15 13_37_35.090845,2022-06-15 13_38_24.741709,JIO,NA,NA,1.03401200445982,12.2911374409886,77.605,20MHz,38750,350,405854,2001938,405854006f01e8c12,-106dBm,-9dB,16dB,20MHz,38750,350,405854,2001938,405854006f01e8c12,-106dBm,-14dB,14dB,1
2022-06-15 13_39_32.214309,2022-06-15 13_40_13.231736,JIO,NA,NA,2.51385003819696,10.8376825597481,75.326,20MHz,38750,350,405854,2001938,405854006f01e8c12,-109dBm,-13dB,4dB,20MHz,38750,350,405854,2001938,405854006f01e8c12,-102dBm,-13dB,10dB,1
2022-06-15 13_40_41.560122,2022-06-15 13_41_23.617391,JIO,NA,NA,1.4687303401104,13.3771738636571,75.765,20MHz,38750,350,405854,2001938,405854006f01e8c12,-102dBm,-13dB,5dB,20MHz,38750,350,405854,2001938,405854006f01e8c12,-102dBm,-13dB,9dB,2
2022-06-15 13_41_45.020852,2022-06-15 13_42_32.862938,JIO,NA,NA,1.18071911331895,9.91553360480145,74.917,20MHz,38750,350,405854,2001938,405854006f01e8c12,-102dBm,-13dB,6dB,20MHz,38750,350,405854,2001938,405854006f01e8c12,-102dBm,-13dB,2dB,2
2022-06-15 13_42_44.489409,2022-06-15 13_43_37.992778,JIO,NA,NA,1.49553658103898,9.5717521482328,77.826,20MHz,38750,350,405854,2001938,405854006f01e8c12,-102dBm,-13dB,9dB,20MHz,38750,350,405854,2001938,405854006f01e8c12,-102dBm,-13dB,10dB,2
2022-06-15 13_43_41.704647,2022-06-15 13_44_35.545195,JIO,NA,NA,1.12125031072822,6.46786511155466,78.553,20MHz,38750,350,405854,2001938,405854006f01e8c12,-102dBm,-13dB,0dB,20MHz,38750,350,405854,2001938,405854006f01e8c12,-102dBm,-13dB,1dB,2
2022-06-15 13_46_29.342184,2022-06-15 13_47_21.797754,JIO,NA,NA,0.950646264797152,14.8092992763131,77.675,20MHz,38750,350,405854,2001938,405854006f01e8c12,-98dBm,-14dB,5dB,20MHz,38750,350,405854,2001938,405854006f01e8c12,-114dBm,-14dB,4dB,2
2022-06-15 13_47_28.263269,2022-06-15 13_48_52.549296,JIO,NA,NA,2.27944084136373,9.76249907942881,76.062,20MHz,38750,350,405854,2001938,405854006f01e8c12,-109dBm,-14dB,3dB,20MHz,38750,350,405854,2001938,405854006f01e8c12,-109dBm,-14dB,5dB,3
2022-06-15 13_49_00.672225,2022-06-15 13_49_53.822715,JIO,NA,NA,3.67270579338981,11.4086141982745,74.114,20MHz,38750,350,405854,2001938,405854006f01e8c12,-107dBm,-14dB,4dB,20MHz,38750,350,405854,2001938,405854006f01e8c12,-104dBm,-14dB,4dB,3
2022-06-15 13_50_38.842714,2022-06-15 13_51_39.597385,JIO,NA,NA,1.56640199188484,6.8512953265282,73.674,20MHz,38750,350,405854,2001938,405854006f01e8c12,-104dBm,-14dB,6dB,20MHz,38750,350,405854,2001938,405854006f01e8c12,-107dBm,-14dB,0dB,3
2022-06-15 13_52_01.664860,2022-06-15 13_53_09.572086,JIO,NA,NA,1.72018098592439,10.9486444058796,72.436,20MHz,38750,350,405854,2001938,405854006f01e8c12,-107dBm,-14dB,4dB,20MHz,38750,350,405854,2001938,405854006f01e8c12,-107dBm,-14dB,2dB,3
2022-06-15 13_55_46.614821,2022-06-15 13_56_53.905934,JIO,NA,NA,0.68930637070942,2.80814230755599,75.896,20MHz,38750,350,405854,2001938,405854006f01e8c12,-103dBm,-14dB,2dB,20MHz,38750,350,405854,2001938,405854006f01e8c12,-105dBm,-14dB,1dB,3
2022-06-15 13_57_01.775783,2022-06-15 13_57_42.673646,JIO,NA,NA,1.7102435167582,9.25478836995051,77.495,20MHz,38750,350,405854,2001938,405854006f01e8c12,-105dBm,-14dB,3dB,20MHz,38750,350,405854,2001938,405854006f01e8c12,-105dBm,-14dB,2dB,4
2022-06-15 13_57_53.474131,2022-06-15 13_59_04.037511,JIO,NA,NA,1.43336918540323,0.289153872619336,73.966,20MHz,38750,350,405854,2001938,405854006f01e8c12,-105dBm,-14dB,1dB,20MHz,38750,350,405854,2001938,405854006f01e8c12,-110dBm,-14dB,3dB,4
2022-06-15 13_59_17.460164,2022-06-15 14_00_04.515546,JIO,NA,NA,3.32866936683333,11.9466107967443,76.341,20MHz,38750,350,405854,2001938,405854006f01e8c12,-104dBm,-14dB,2dB,20MHz,38750,350,405854,2001938,405854006f01e8c12,-107dBm,-14dB,8dB,4
2022-06-15 14_00_34.480284,2022-06-15 14_01_33.686599,JIO,NA,NA,2.25191396233451,10.2299999313886,74.484,20MHz,38750,350,405854,2001938,405854006f01e8c12,-107dBm,-14dB,10dB,20MHz,38750,350,405854,2001938,405854006f01e8c12,-107dBm,-14dB,4dB,4
2022-06-15 14_05_44.479327,2022-06-15 14_06_39.083125,JIO,NA,NA,2.33856313126699,8.58060143011627,80.543,20MHz,38750,350,405854,2001938,405854006f01e8c12,-103dBm,-14dB,3dB,20MHz,38750,350,405854,2001938,405854006f01e8c12,-103dBm,-14dB,9dB,4
2022-06-15 14_06_47.555430,2022-06-15 14_07_28.629324,JIO,NA,NA,2.9917293033847,10.406624136868,76.629,20MHz,38750,350,405854,2001938,405854006f01e8c12,-103dBm,-14dB,8dB,20MHz,38750,350,405854,2001938,405854006f01e8c12,-97dBm,-14dB,5dB,5
2022-06-15 14_07_39.302996,2022-06-15 14_08_24.482713,JIO,NA,NA,1.72196237487539,8.24324062574747,74.277,20MHz,38750,350,405854,2001938,405854006f01e8c12,-97dBm,-14dB,7dB,20MHz,38750,350,405854,2001938,405854006f01e8c12,-107dBm,-14dB,4dB,5
2022-06-15 14_08_32.339677,2022-06-15 14_09_11.364086,JIO,NA,NA,3.16602250468049,10.0599554634164,72.957,20MHz,38750,350,405854,2001938,405854006f01e8c12,-107dBm,-14dB,4dB,20MHz,38750,350,405854,2001938,405854006f01e8c12,-109dBm,-14dB,8dB,5
2022-06-15 14_09_58.195778,2022-06-15 14_10_49.831952,JIO,NA,NA,2.04076123577843,8.21254074407185,73.5,20MHz,38750,350,405854,2001938,405854006f01e8c12,-109dBm,-14dB,7dB,20MHz,38750,350,405854,2001938,405854006f01e8c12,-102dBm,-14dB,0dB,5
2022-06-15 14_12_00.272287,2022-06-15 14_13_10.177616,JIO,NA,NA,1.63843259111269,1.53535325926693,78.981,20MHz,38750,350,405854,2001938,405854006f01e8c12,-104dBm,-15dB,3dB,20MHz,38750,350,405854,2001938,405854006f01e8c12,-104dBm,-15dB,3dB,5
2022-06-15 14_13_17.100594,2022-06-15 14_14_11.044620,JIO,NA,NA,2.56804853193626,11.7223371283625,81.78,20MHz,38750,350,405854,2001938,405854006f01e8c12,-104dBm,-10dB,7dB,20MHz,38750,350,405854,2001938,405854006f01e8c12,-99dBm,-15dB,7dB,6
2022-06-15 14_14_33.209695,2022-06-15 14_15_22.479661,JIO,NA,NA,1.39531276485009,9.14555604930766,74.68,20MHz,38750,350,405854,2001938,405854006f01e8c12,-99dBm,-10dB,5dB,20MHz,38750,350,405854,2001938,405854006f01e8c12,-108dBm,-15dB,6dB,6
2022-06-15 14_15_39.757287,2022-06-15 14_16_19.069500,JIO,NA,NA,1.854693557944,13.3823786524801,71.383,20MHz,38750,350,405854,2001938,405854006f01e8c12,-108dBm,-15dB,5dB,20MHz,38750,350,405854,2001938,405854006f01e8c12,-103dBm,-10dB,8dB,6
2022-06-15 14_16_48.856818,2022-06-15 14_17_34.507069,JIO,NA,NA,1.8943729256095,11.146953394953,71.815,20MHz,38750,350,405854,2001938,405854006f01e8c12,-103dBm,-10dB,11dB,20MHz,38750,350,405854,2001938,405854006f01e8c12,-110dBm,-15dB,4dB,6
2022-06-15 14_19_43.594644,2022-06-15 14_20_44.731991,JIO,NA,NA,1.57929575060939,6.65131507064551,74.337,20MHz,38750,350,405854,2001938,405854006f01e8c12,-112dBm,-15dB,0dB,20MHz,38750,350,405854,2001938,405854006f01e8c12,-107dBm,-15dB,10dB,6
2022-06-15 14_20_53.235296,2022-06-15 14_21_50.523804,JIO,NA,NA,1.08338383259798,5.38218116873505,70.466,20MHz,38750,350,405854,2001938,405854006f01e8c12,-107dBm,-15dB,4dB,20MHz,38750,350,405854,2001938,405854006f01e8c12,-101dBm,-20ddB,5dB,7
2022-06-15 14_22_09.127724,2022-06-15 14_22_49.487100,JIO,NA,NA,1.10559358339068,8.96640475704045,71.621,20MHz,38750,350,405854,2001938,405854006f01e8c12,-101dBm,-13dB,3dB,20MHz,38750,350,405854,2001938,405854006f01e8c12,-108dBm,-13dB,3dB,7
2022-06-15 14_23_01.683032,2022-06-15 14_23_49.100309,JIO,NA,NA,4.4322389315132,11.5004299878263,72.653,20MHz,38750,350,405854,2001938,405854006f01e8c12,-108dBm,-13dB,1dB,20MHz,38750,350,405854,2001938,405854006f01e8c12,-100dBm,-13dB,5dB,7
2022-06-15 14_20_53.235296,2022-06-15 14_21_50.523804,JIO,NA,NA,1.08338383259798,5.38218116873505,70.466,20MHz,38750,350,405854,2001938,405854006f01e8c12,-107dBm,-15dB,4dB,20MHz,38750,350,405854,2001938,405854006f01e8c12,-101dBm,-20ddB,5dB,7
2022-06-15 14_22_09.127724,2022-06-15 14_22_49.487100,JIO,NA,NA,1.10559358339068,8.96640475704045,71.621,20MHz,38750,350,405854,2001938,405854006f01e8c12,-101dBm,-13dB,3dB,20MHz,38750,350,405854,2001938,405854006f01e8c12,-108dBm,-13dB,3dB,7
