start_time,end_time,service_provider,longi ,lati,upload_speed,download_speed,delay,cell_id_1,plmn_1,rssi_1,earfcn_1,Pic_1,rsrp_1,rsrq_1,sinr_1,cell_id_2,plmn_2,rssi_1,earfcn_2,pic_2,rsrp_2,rsrq_2,sinr_2,altitude
2022-06-14 19_22_31.396023,2022-06-14 19_23_28.183896,Airtel,NA,NA,4.48542458450025,7.16133416055029,81.188,233523733,40449,-65dB,39150,,-104dBm,-11dB,6dB,233523733,40449,-74dB,39150,66,-107dBm,-16dB,-1dB,0
2022-06-14 19_25_48.039278,2022-06-14 19_26_34.637530,Airtel,NA,NA,4.14445452496478,11.2095233916306,65.283,233523733,40449,-74dB,39150,66,-107dBm,-10dB,8dB,233523733,40449,-78dB,39150,66,-107dBm,-10dB,10dB,0
2022-06-14 19_26_43.521528,2022-06-14 19_27_37.548922,Airtel,NA,NA,14.3008179215985,8.66579508918324,69.745,233523733,40449,-78dB,39150,66,-107dBm,-10dB,14dB,233523733,40449,-56dB,1415,,-86dBm,-11dB,11dB,0
2022-06-14 19_27_49.992530,2022-06-14 19_28_42.949053,Airtel,NA,NA,9.35772085106057,6.52206000554382,61.575,233523980,40449,-49dB,1415,,-80dBm,-11dB,11dB,233523980,40449,-62dB,1415,,-91dBm,-11dB,6dB,0
2022-06-14 19_30_10.385761,2022-06-14 19_31_05.366842,Airtel,NA,NA,23.2753741566317,11.5717591104361,63.791,233523980,40449,-61dB,1415,,-94dBm,-11dB,2dB,233523980,40449,-54dB,1415,,-84dBm,-11dB,15dB,0
2022-06-14 19_32_29.741091,2022-06-14 19_33_35.124334,Airtel,NA,NA,18.248236924441,24.1121966134258,59.368,233523467,40449,-60dB,1415,,-84dBm,-11dB,11dB,233523467,40449,-60dB,1415,,-89dBm,-11dB,11dB,1
2022-06-14 19_33_40.559556,2022-06-14 19_34_29.704900,Airtel,NA,NA,21.106274295511,26.8990912703317,51.752,233523467,40449,-60dB,1415,,-89dBm,-11dB,9dB,233523467,40449,-60dB,1415,,-89dBm,-11dB,6dB,1
2022-06-14 19_34_41.062945,2022-06-14 19_35_22.787227,Airtel,NA,NA,17.6267769471194,8.05740663796503,53.997,233523467,40449,-60dB,1415,,-89dBm,-11dB,6dB,233523467,40449,-61dB,1415,,-89dBm,-11dB,8dB,1
2022-06-14 19_35_32.694191,2022-06-14 19_36_20.541057,Airtel,NA,NA,20.042834309691,14.532933617893,51.542,233523467,40449,-61dB,1415,,-89dBm,-11dB,6dB,233523467,40449,-59dB,1415,,-84dBm,-11dB,7dB,1
2022-06-14 19_36_31.223727,2022-06-14 19_37_29.530064,Airtel,NA,NA,24.7321193652471,34.2396350601527,53.979,233523467,40449,-59dB,1415,,-84dBm,-11dB,6dB,233523467,40449,-59dB,1415,,-90dBm,-11dB,7dB,1
2022-06-14 19_40_27.321903,2022-06-14 19_41_13.643257,Airtel,NA,NA,17.2501928790325,9.38767111664644,54.864,233523497,40449,-48dB,3646,,-76dBm,-11dB,4dB,233523497,40449,-56dB,3646,249,-73dBm,-6dB,9dB,2
2022-06-14 19_41_22.425592,2022-06-14 19_42_14.314600,Airtel,NA,NA,8.30634923638076,7.83030758322208,62.548,233524010,40449,-45dB,3646,337,-81dBm,-12dB,2dB,233524010,40449,-45dB,3646,337,-82dBm,-17dB,1dB,2
2022-06-14 19_42_34.971328,2022-06-14 19_43_28.842094,Airtel,NA,NA,11.7250156575414,3.20717121789577,70.226,233524010,40449,-52dB,3646,337,-82dBm,-12dB,2dB,233524010,40449,-46dB,3646,469,-80dBm,-12dB,-2dB,2
2022-06-14 19_43_38.963565,2022-06-14 19_44_32.796637,Airtel,NA,NA,9.88613825988267,3.57669478572592,60.297,232175914,40449,-46dB,3646,469,-74dBm,-12dB,2dB,232175914,40449,-54dB,3646,337,-83dBm,-12dB,4dB,2
2022-06-14 19_44_42.469190,2022-06-14 19_45_43.400759,Airtel,NA,NA,15.4379222747031,7.14150116773416,62.105,233524010,40449,-48dB,3646,337,-81dBm,-12dB,4dB,233524010,40449,-49dB,3646,249,-81dBm,-12dB,7dB,2
2022-06-14 19_47_26.016479,2022-06-14 19_48_28.553008,Airtel,NA,NA,10.9768195316589,12.2165097254836,66.9,233523467,40449,-64dB,1415,249,-104dBm,-17dB,1dB,233523467,40449,-58dB,1415,337,-87dBm,-10dB,7dB,3
2022-06-14 19_48_55.938031,2022-06-14 19_49_43.321744,Airtel,NA,NA,14.665989707119,10.3723472811328,55.481,233523980,40449,-58dB,1415,337,-87dBm,-10dB,9dB,233523980,40449,-58dB,1415,337,-95dBm,-10dB,3dB,3
2022-06-14 19_50_35.909987,2022-06-14 19_51_32.422238,Airtel,NA,NA,13.1024354013865,3.5516985827396,67.165,233523980,40449,-58dB,1415,337,-90dBm,-10dB,9dB,233523980,40449,-58dB,1415,337,-96dBm,-16dB,-1dB,3
2022-06-14 19_51_41.638541,2022-06-14 19_52_35.451041,Airtel,NA,NA,10.7064989721378,4.61009046810399,58.704,233523497,40449,-51dB,3646,249,-78dBm,-8dB,3dB,233523497,40449,-51dB,3646,337,-83dBm,-14dB,2dB,3
2022-06-14 19_52_41.031613,2022-06-14 19_53_28.392104,Airtel,NA,NA,11.416667457254,7.24245163139977,60.31,233524010,40449,-51dB,3646,337,-83dBm,-14dB,1dB,233524010,40449,-59dB,3646,469,-78dBm,-14dB,2dB,3
2022-06-14 19_55_19.516166,2022-06-14 19_56_22.785152,Airtel,NA,NA,18.7900300215018,2.97697499169546,60.115,233523980,40449,-59dB,1415,337,-98dBm,-15dB,0dB,233523980,40449,-59dB,1415,337,-90dBm,-10dB,6dB,4
2022-06-14 19_56_33.064288,2022-06-14 19_57_34.530609,Airtel,NA,NA,21.0214462742555,13.0574285097638,60.111,233523980,40449,-59dB,1415,337,-83dBm,-10dB,13dB,233523980,40449,-55dB,1415,337,-83dBm,-10dB,13dB,4
2022-06-14 19_57_40.372048,2022-06-14 19_58_33.613256,Airtel,NA,NA,18.374595082235,14.6579415724248,60.118,233523980,40449,-55dB,1415,337,-83dBm,-10dB,10dB,233523980,40449,-55dB,1415,337,-84dBm,-10dB,11dB,4
2022-06-14 19_58_45.534129,2022-06-14 19_59_46.955548,Airtel,NA,NA,24.937842966365,10.5536547428088,61.03,233523980,40449,-55dB,1415,337,-84dBm,-10dB,10dB,233523980,40449,-61dB,1415,337,-89dBm,-10dB,3dB,4
2022-06-14 19_59_52.081756,2022-06-14 20_00_41.299687,Airtel,NA,NA,22.6786924167806,10.4609511076896,59.205,233523980,40449,-61dB,1415,337,-89dBm,-10dB,7dB,233523980,40449,-55dB,1415,337,-84dBm,-10dB,7dB,4
2022-06-14 20_02_02.994719,2022-06-14 20_03_01.159013,Airtel,NA,NA,0.933480384495996,2.50680327700715,61.778,233523980,40449,-66dB,1415,337,-98dBm,-15dB,-3dB,233523980,40449,-80dB,1415,249,-121dBm,-15dB,-10dB,5
2022-06-14 20_03_39.817090,2022-06-14 20_04_28.603963,Airtel,NA,NA,21.7042894357527,11.4677970714523,55.934,233523467,40449,-62dB,1415,249,-96dBm,-15dB,-1dB,233523467,40449,-62dB,1415,249,-96dBm,-15dB,1dB,5
2022-06-14 20_04_34.359057,2022-06-14 20_05_35.508875,Airtel,NA,NA,2.63949630314071,1.45931218364514,57.255,233523467,40449,-62dB,1415,249,-96dBm,-15dB,0dB,233523467,40449,-62dB,1415,468,-92dBm,-15dB,0dB,5
2022-06-14 20_05_42.597525,2022-06-14 20_06_43.251361,Airtel,NA,NA,5.33077767702371,2.4999341144612,55.77,232175883,40449,-62dB,1415,468,-92dBm,-15dB,2dB,232175883,40449,-62dB,1415,468,-97dBm,-15dB,0dB,5
2022-06-14 20_06_52.527031,2022-06-14 20_07_46.788874,Airtel,NA,NA,7.27415855263269,2.1587513012268,61.39,232175883,40449,-62dB,1415,468,-92dBm,-15dB,2dB,232175883,40449,-62dB,1415,468,-92dBm,-15dB,1dB,5
2022-06-14 20_09_14.499843,2022-06-14 20_10_04.457758,Airtel,NA,NA,17.6995706390887,16.6010184829269,58.216,233523467,40449,-70dB,1415,249,-106dBm,-16dB,-3dB,233523467,40449,-59dB,1415,,-91dBm,-11dB,7dB,6
2022-06-14 20_10_12.196645,2022-06-14 20_11_02.979342,Airtel,NA,NA,17.3831815434886,3.96610519956088,64.828,233523980,40449,-59dB,1415,,-97dBm,-11dB,3dB,233523980,40449,-59dB,1415,,-85dBm,-11dB,10dB,6
2022-06-14 20_11_08.834801,2022-06-14 20_12_04.813732,Airtel,NA,NA,16.8995274665571,3.17713638809024,58.114,233523980,40449,-59dB,1415,,-85dBm,-11dB,7dB,233523980,40449,-55dB,1415,,-84dBm,-11dB,9dB,6
2022-06-14 20_12_11.631128,2022-06-14 20_12_57.350398,Airtel,NA,NA,14.6257631171007,2.02818901745392,60.379,233523980,40449,-55dB,1415,,-84dBm,-11dB,11dB,233523980,40449,-57dB,3646,,-78dBm,-11dB,7dB,6
2022-06-14 20_13_04.815549,2022-06-14 20_13_57.417185,Airtel,NA,NA,11.837346097461,7.27292953026236,52.245,233524010,40449,-49dB,3646,,-78dBm,-11dB,7dB,233524010,40449,-49dB,3646,,-80dBm,-11dB,5dB,6
2022-06-14 20_15_17.313383,2022-06-14 20_16_17.946500,Airtel,NA,NA,7.21147774177928,10.2787657771251,63.027,233523980,40449,-62dB,1415,337,-100dBm,-16dB,-3dB,233523980,40449,-62dB,1415,,-97dBm,-11dB,3dB,7
2022-06-14 20_16_25.752113,2022-06-14 20_17_04.783479,Airtel,NA,NA,12.4853123612908,2.81340258210853,59.365,233523980,40449,-62dB,1415,,-97dBm,-11dB,2dB,233523980,40449,-55dB,3646,,-84dBm,-11dB,1dB,7
2022-06-14 20_17_29.948469,2022-06-14 20_18_17.798626,Airtel,NA,NA,12.8312187198158,5.4372676254906,61.536,233524010,40449,-55dB,3646,,-84dBm,-11dB,3dB,233524010,40449,-54dB,3646,,-84dBm,-11dB,-1dB,7
2022-06-14 20_18_55.836498,2022-06-14 20_19_57.351792,Airtel,NA,NA,14.3165111542219,5.23624717471764,60.1,233524010,40449,-67dB,3646,,-90dBm,-11dB,0dB,233524010,40449,-48dB,3646,337,-79dBm,-9dB,7dB,7
2022-06-14 20_20_39.491643,2022-06-14 20_21_34.087585,Airtel,NA,NA,14.7919367760283,7.37502467807225,63.555,233524010,40449,-49dB,3646,337,-77dBm,-12dB,4dB,233524010,40449,-57dB,3646,337,-89dBm,-12dB,-4dB,7
2022-06-14 20_24_13.810470,2022-06-14 20_25_09.134645,Airtel,NA,NA,6.84542604875006,6.09034528808196,72.108,233523467,40449,-64dB,1415,249,-91dBm,-8dB,12dB,233523467,40449,-57dB,1415,337,-89dBm,-13dB,6dB,0
2022-06-14 20_25_26.777526,2022-06-14 20_26_26.359562,Airtel,NA,NA,13.8879237173896,3.40006206304876,61.438,233523980,40449,-57dB,1415,337,-89dBm,-13dB,12dB,233523980,40449,-66dB,3646,337,-92dBm,-13dB,3dB,0
2022-06-14 20_26_40.234762,2022-06-14 20_27_40.998120,Airtel,NA,NA,12.3554487810033,7.64409221481795,60.384,233524010,40449,-60dB,3646,337,-83dBm,-13dB,10dB,233524010,40449,-57dB,3646,337,-88dBm,-13dB,5dB,0
2022-06-14 20_27_46.033561,2022-06-14 20_28_47.390669,Airtel,NA,NA,4.55454753494498,5.2101222617477,64.292,233524010,40449,-57dB,3646,337,-88dBm,-13dB,2dB,233524010,40449,-72d0B,39150,66,-100dBm,-13dB,8dB,0
2022-06-14 20_28_58.384477,2022-06-14 20_29_52.788491,Airtel,NA,NA,3.72673336790869,13.1010995765351,62.004,233523733,40449,-72d0B,39150,66,-106dBm,-13dB,10dB,233523733,40449,-78dB,39150,66,-108dBm,-13dB,8dB,0
2022-06-14 20_31_00.285664,2022-06-14 20_32_02.231539,Airtel,NA,NA,22.5771677834541,20.0345646809411,61.732,233523467,40449,-65dB,1415,249,-95dBm,-5dB,2dB,233523467,40449,-59dB,1415,249,-89dBm,-10dB,10dB,1
2022-06-14 20_32_09.572334,2022-06-14 20_33_03.093061,Airtel,NA,NA,19.9461268829511,27.4145172942062,59.838,233523467,40449,-59dB,1415,249,-89dBm,-10dB,9dB,233523467,40449,-65dB,1415,249,-90dBm,-10dB,7dB,1
2022-06-14 20_34_26.916524,2022-06-14 20_35_19.870006,Airtel,NA,NA,20.4327451960922,10.9068097913998,59.62,233523467,40449,-65dB,1415,249,-95dBm,-10dB,3dB,233523467,40449,-59dB,1415,249,-87dBm,-10dB,14dB,1
2022-06-14 20_35_29.189736,2022-06-14 20_36_32.430432,Airtel,NA,NA,17.0703629352617,34.3953530272897,56.642,233523467,40449,-59dB,1415,249,-87dBm,-10dB,13dB,233523467,40449,-65dB,1415,249,-93dBm,-10dB,7dB,1
2022-06-14 20_37_21.304822,2022-06-14 20_38_07.835230,Airtel,NA,NA,21.6526739758286,36.5208721200496,51.568,233523467,40449,-66dB,1415,249,-95dBm,-10dB,8dB,233523467,40449,-62dB,1415,249,-90dBm,-10dB,10dB,1
2022-06-14 20_40_32.536392,2022-06-14 20_41_33.381692,Airtel,NA,NA,19.1824104304632,34.103040094016,52.679,233523467,40449,-60dB,1415,249,-93dBm,-10dB,4dB,233523467,40449,-59dB,1415,249,-93dBm,-10dB,-1dB,2
2022-06-14 20_41_43.525493,2022-06-14 20_42_44.086400,Airtel,NA,NA,24.765764617651,23.4586141567233,53.779,233523467,40449,-59dB,1415,249,-93dBm,-10dB,-3dB,233523467,40449,-58dB,1415,337,-86dBm,-10dB,11dB,2
2022-06-14 20_42_47.235325,2022-06-14 20_43_44.211269,Airtel,NA,NA,23.5361137959044,18.3027178822993,59.897,233523980,40449,-58dB,1415,337,-86dBm,-10dB,-1dB,233523980,40449,-58dB,1415,249,-86dBm,-10dB,8dB,2
2022-06-14 20_43_50.884659,2022-06-14 20_44_47.474564,Airtel,NA,NA,24.2933703324798,14.0884828853089,59.724,233523467,40449,-58dB,1415,249,-86dBm,-10dB,13dB,233523467,40449,-58dB,1415,249,-83dBm,-9dB,12dB,2
2022-06-14 20_44_59.254162,2022-06-14 20_45_59.937907,Airtel,NA,NA,11.0573815145886,21.913458080317,53.25,233523467,40449,-52dB,1415,249,-83dBm,-9dB,12dB,233523467,40449,-60dB,1415,249,-99dBm,-15dB,1dB,2
2022-06-14 20_48_29.226937,2022-06-14 20_49_30.602629,Airtel,NA,NA,15.0753136995704,5.61407984521353,59.744,233523980,40449,-62dB,1415,337,-88dBm,-14dB,8dB,233523980,40449,-61dB,1415,337,-94dBm,-14dB,4dB,3
2022-06-14 20_49_37.575339,2022-06-14 20_50_38.909837,Airtel,NA,NA,8.64708987720627,9.7100733102228,55.374,233523980,40449,-61dB,1415,337,-88dBm,-14dB,5dB,233523980,40449,-56dB,1415,337,-91dBm,-14dB,2dB,3
2022-06-14 20_50_49.751614,2022-06-14 20_51_44.166493,Airtel,NA,NA,24.1749704345619,19.0064327998769,67.052,233523467,40449,-56dB,1415,249,-91dBm,-9dB,5dB,233523467,40449,-56dB,1415,249,-91dBm,-9dB,2dB,3
2022-06-14 20_52_50.328771,2022-06-14 20_53_38.908906,Airtel,NA,NA,13.6804533008002,16.0542281845688,54.544,233523467,40449,-56dB,1415,249,-91dBm,-9dB,4dB,233523467,40449,-56dB,1415,337,-91dBm,-14dB,2dB,3
2022-06-14 20_53_44.267411,2022-06-14 20_54_41.697781,Airtel,NA,NA,1.40113882316091,4.99283216501581,55.55,233523980,40449,-63dB,1415,337,-97dBm,-14dB,0dB,233523980,40449,-770B,39294,250,-109dBm,-14dB,0dB,3
2022-06-14 20_56_11.344254,2022-06-14 20_56_57.897565,Airtel,NA,NA,15.450348784035,14.3533336367729,50.43,233523467,40449,-67dB,1415,249,-96dBm,-14dB,3dB,233523467,40449,-59dB,1415,249,-90dBm,-9dB,4dB,4
2022-06-14 20_57_11.371777,2022-06-14 20_57_53.174050,Airtel,NA,NA,13.7868443157391,14.8602402762995,56.805,233523467,40449,-58dB,1415,249,-90dBm,-9dB,2dB,233523467,40449,-58dB,1415,249,-90dBm,-9dB,5dB,4
2022-06-14 20_58_01.862175,2022-06-14 20_59_02.508258,Airtel,NA,NA,23.7216548296073,23.9746065316333,57.987,233523467,40449,-58dB,1415,249,-89dBm,-9dB,7dB,233523467,40449,-51dB,1415,,-88dBm,-11dB,-6dB,4
2022-06-14 20_59_37.409790,2022-06-14 21_00_27.659355,Airtel,NA,NA,15.9711376491342,17.418425117763,54.2,233523467,40449,-58dB,1415,,-88dBm,-11dB,6dB,233523467,40449,-58dB,1415,,-95dBm,-11dB,-1dB,4
2022-06-14 21_00_40.396258,2022-06-14 21_01_36.886558,Airtel,NA,NA,10.3777303219947,3.57592796628423,59.162,233523980,40449,-64dB,1415,,-95dBm,-11dB,2dB,233523980,40449,-58dB,1415,337,-95dBm,-16dB,-4dB,4
2022-06-14 21_05_12.077203,2022-06-14 21_06_17.096833,Airtel,NA,NA,6.19857471978402,0.217370265423807,65.315,233523467,40449,-64dB,1415,,-95dBm,-11dB,9dB,233523467,40449,-64dB,1415,,-95dBm,-11dB,3dB,5
2022-06-14 21_06_24.633733,2022-06-14 21_07_25.617266,Airtel,NA,NA,4.93151171770385,6.84346329499389,59.646,233523467,40449,-64dB,1415,,-95dBm,-11dB,3dB,233523467,40449,-64dB,1415,,-99dBm,-11dB,0dB,5
2022-06-14 21_07_35.676759,2022-06-14 21_08_38.270123,Airtel,NA,NA,1.78516051660472,2.45861742362025,59.94,233523488,40449,-64dB,39294,250,-99dBm,-18dB,-6dB,233523488,40449,-74dB,39294,250,-106dBm,-13dB,1dB,5
2022-06-14 21_08_41.561217,2022-06-14 21_09_44.465355,Airtel,NA,NA,0.771317677976758,2.22322216299387,70.12,233523488,40449,-74dB,39294,250,-106dBm,-13dB,3dB,233523488,40449,-82dB,39294,250,-112dBm,-19dB,-8dB,5
2022-06-14 21_12_21.595596,2022-06-14 21_13_24.382741,Airtel,NA,NA,13.3796945292651,2.70551014094247,66.657,233524010,40449,-59dB,3646,337,-88dBm,-13dB,2dB,233524010,40449,-54dB,3646,249,-89dBm,-13dB,7dB,5
2022-06-14 21_13_33.408306,2022-06-14 21_14_20.008323,Airtel,NA,NA,9.4344852292137,6.57751072641777,63.589,233523497,40449,-62dB,3646,249,-83dBm,-13dB,0dB,233523497,40449,-47dB,3646,337,-82dBm,-13dB,5dB,6
2022-06-14 21_19_41.481905,2022-06-14 21_20_14.701887,Airtel,NA,NA,12.4352097293352,3.58427798939458,78.296,233523980,40449,-65dB,1415,337,-93dBm,-14dB,0dB,233523980,40449,-64dB,1415,337,-94dBm,-14dB,4dB,6
2022-06-14 21_20_44.073655,2022-06-14 21_21_15.275598,Airtel,NA,NA,11.5246951392976,7.4429779045006,41.549,233523980,40449,-52dB,1415,337,-84dBm,-9dB,5dB,233523980,40449,-61dB,1415,337,-93dBm,-9dB,3dB,6
2022-06-14 21_22_52.296925,2022-06-14 21_23_23.641424,Airtel,NA,NA,13.4188975351646,6.14674362754001,39.794,233523980,40449,-54dB,1415,337,-84dBm,-9dB,11dB,233523980,40449,-52dB,3646,337,-80dBm,-9dB,8dB,6
2022-06-14 21_23_55.903740,2022-06-14 21_24_26.707167,Airtel,NA,NA,13.5556049349775,2.96934704513664,45.977,233524010,40449,-54dB,3646,337,-80dBm,-14dB,11dB,233524010,40449,-54dB,3646,337,-85dBm,-14dB,4dB,6
2022-06-14 21_24_37.054716,2022-06-14 21_25_07.927975,Airtel,NA,NA,10.6015420993256,2.89993835219803,40.691,233524010,40449,-47dB,3646,337,-79dBm,-14dB,5dB,233524010,40449,-45dB,3646,337,-79dBm,-14dB,8dB,7
2022-06-14 21_30_47.468946,2022-06-14 21_31_18.123839,Airtel,NA,NA,7.55619771544737,14.1749569543303,38.281,233523467,40449,-62dB,1415,249,-93dBm,-10dB,6dB,233523467,40449,-62dB,1415,249,-93dBm,-10dB,2dB,7
2022-06-14 21_32_06.601910,2022-06-14 21_32_37.257741,Airtel,NA,NA,11.7857052711966,11.2017021868597,41.449,233523467,40449,-62dB,1415,249,-93dBm,-10dB,2dB,233523467,40449,-62dB,1415,337,-93dBm,-10dB,1dB,7
2022-06-14 21_33_50.898670,2022-06-14 21_34_22.061266,Airtel,NA,NA,9.37166680933127,5.48311152866693,39.675,233523980,40449,-62dB,1415,337,-100dBm,-15dB,-3dB,233523980,40449,-62dB,1415,337,-95dBm,-15dB,2dB,7
2022-06-14 21_35_08.923458,2022-06-14 21_35_43.929390,Airtel,NA,NA,11.1181563107029,0.869521153813158,43.601,233523980,40449,-62dB,1415,337,-95dBm,-15dB,1dB,233523980,40449,-62dB,1415,337,-95dBm,-15dB,4dB,7
2022-06-15 11_22_52.504373,2022-06-15 11_23_52.435105,Airtel,NA,NA,18.0441329803795,11.0275586888777,83.019,233523980,40449,-44dB,1415,337,-82dBm,-13dB,3dB,233523980,40449,-54dB,1415,249,-89dBm,-13dB,8dB,0
2022-06-15 11_24_07.633392,2022-06-15 11_25_25.220221,Airtel,NA,NA,24.5308243803784,33.1607477861247,59.874,233523467,40449,-61dB,1415,249,-89dBm,-70B,5dB,233523467,40449,-61dB,1415,249,-89dBm,-12dB,14dB,0
2022-06-15 11_25_34.832117,2022-06-15 11_26_43.342327,Airtel,NA,NA,21.6785238162662,33.7107541041905,61.58,233523467,40449,-55dB,1415,249,-89dBm,-12dB,11dB,233523467,40449,-55dB,1415,249,-89dBm,-12dB,9dB,0
2022-06-15 11_26_53.030315,2022-06-15 11_28_00.241847,Airtel,NA,NA,21.6157507341866,32.5555726931715,63.951,233523467,40449,-55dB,1415,249,-89dBm,-12dB,4dB,233523467,40449,-62dB,1415,337,-90dBm,-12dB,7dB,0
2022-06-15 11_28_05.248997,2022-06-15 11_28_57.416221,Airtel,NA,NA,20.9722081429323,38.278030884287,84.323,233523980,40449,-62dB,1415,337,-90dBm,-12dB,13dB,233523980,40449,-55dB,1415,249,-90dBm,-12dB,8dB,0
2022-06-15 11_30_42.205583,2022-06-15 11_31_58.264648,Airtel,NA,NA,21.1468449619904,41.1719353991888,65.275,233523467,40449,-61dB,1415,249,-89dBm,-12dB,9dB,233523467,40449,-55dB,1415,249,-84dBm,-70B,11dB,1
2022-06-15 11_32_24.564211,2022-06-15 11_33_31.666678,Airtel,NA,NA,22.9206600927441,33.3392148385841,71.875,233523467,40449,-55dB,1415,249,-84dBm,-70B,6dB,233523467,40449,-61dB,1415,249,-83dBm,-12dB,13dB,1
2022-06-15 11_34_07.368763,2022-06-15 11_35_27.905318,Airtel,NA,NA,22.6090293565607,32.1451592803508,73.074,233523467,40449,-54dB,1415,249,-83dBm,-70B,13dB,233523467,40449,-59dB,1415,249,-86dBm,-70B,7dB,1
2022-06-15 11_35_56.073246,2022-06-15 11_36_50.746151,Airtel,NA,NA,24.821665406777,30.5278886102896,61.429,233523467,40449,-59dB,1415,249,-86dBm,-70B,6dB,233523467,40449,-59dB,1415,249,-91dBm,-13dB,5dB,1
2022-06-15 11_36_58.661881,2022-06-15 11_38_07.908307,Airtel,NA,NA,23.5302452720541,18.3092477220155,66.148,233523467,40449,-59dB,1415,249,-85dBm,-8dB,13dB,233523467,40449,-62dB,1415,249,-90dBm,-13dB,3dB,1
2022-06-15 11_40_35.791048,2022-06-15 11_41_49.997401,Airtel,NA,NA,24.8800329329652,26.5774040932217,74.662,233523980,40449,-60dB,1415,337,-87dBm,-14dB,11dB,233523980,40449,-60dB,1415,337,-87dBm,-9dB,11dB,2
2022-06-15 11_42_42.246412,2022-06-15 11_43_55.291634,Airtel,NA,NA,17.3975386095684,7.64710685972831,65.698,233523980,40449,-60dB,1415,337,-86dBm,-9dB,8dB,233523980,40449,-52dB,3646,249,-82dBm,-9dB,2dB,2
2022-06-15 11_46_12.524938,2022-06-15 11_47_16.944397,Airtel,NA,NA,15.1781841556977,7.15905144813872,75.438,233523497,40449,-52dB,3646,249,-82dBm,-70B,15dB,233523497,40449,-59dB,3646,249,-88dBm,-13dB,-3dB,2
2022-06-15 11_48_01.927873,2022-06-15 11_49_12.256195,Airtel,NA,NA,18.1960212021214,12.1546041276974,67.291,233523497,40449,-59dB,3646,249,-83dBm,-13dB,-6dB,233523497,40449,-53dB,3646,249,-81dBm,-8dB,3dB,2
2022-06-15 11_49_30.969757,2022-06-15 11_50_32.534373,Airtel,NA,NA,16.8282844276561,7.69325811536954,62.885,233523497,40449,-53dB,3646,249,-81dBm,-8dB,1dB,233523497,40449,-53dB,3646,249,-81dBm,-8dB,5dB,2
2022-06-15 11_53_44.709542,2022-06-15 11_54_50.876812,Airtel,NA,NA,22.4474458637926,11.1293006844979,97.174,233523467,40449,-57dB,1415,249,-86dBm,-9dB,4dB,233523467,40449,-57dB,1415,337,-88dBm,-14dB,11dB,3
2022-06-15 11_55_30.179059,2022-06-15 11_56_36.622054,Airtel,NA,NA,14.469830885245,8.04264310700969,68.167,233524010,40449,-57dB,3646,337,-87dBm,-14dB,4dB,233524010,40449,-57dB,3646,469,-86dBm,-14dB,-3dB,3
2022-06-15 11_56_49.194717,2022-06-15 11_58_12.742046,Airtel,NA,NA,17.4501116832877,12.1617693362498,67.305,233523980,40449,-57dB,1415,337,-86dBm,-10dB,10dB,233523980,40449,-57dB,1415,337,-85dBm,-10dB,11dB,3
2022-06-15 11_58_55.406781,2022-06-15 12_00_12.622598,Airtel,NA,NA,17.1539295279531,7.3638372420162,76.224,233523980,40449,-57dB,1415,337,-85dBm,-10dB,7dB,233523980,40449,-57dB,3646,249,-79dBm,-8dB,8dB,3
2022-06-15 12_01_01.081218,2022-06-15 12_02_13.938766,Airtel,NA,NA,16.95979346193,11.6934354354263,62.747,233524010,40449,-57dB,3646,337,-80dBm,-8dB,5dB,233524010,40449,-53dB,3646,337,-85dBm,-13dB,3dB,3
2022-06-15 12_06_59.593566,2022-06-15 12_08_07.482179,Airtel,NA,NA,14.7632407692733,5.00394273395997,89.332,233524010,40449,-55dB,3646,,-83dBm,-11dB,7dB,233524010,40449,-55dB,3646,,-81dBm,-11dB,7dB,4
2022-06-15 12_08_13.618306,2022-06-15 12_09_23.126825,Airtel,NA,NA,15.5875994983238,4.88628419556225,64.992,233524010,40449,-55dB,3646,,-81dBm,-11dB,12dB,233524010,40449,-57dB,3646,,-80dBm,-11dB,7dB,4
2022-06-15 12_10_28.909733,2022-06-15 12_11_31.152559,Airtel,NA,NA,14.7566034164495,6.04248852739616,71.164,233524010,40449,-56dB,3646,,-79dBm,-11dB,2dB,233524010,40449,-54dB,3646,,-89dBm,-11dB,4dB,4
2022-06-15 12_13_01.911696,2022-06-15 12_14_08.112300,Airtel,NA,NA,15.9575210680918,3.86140074270144,80.535,233524010,40449,-56dB,3646,,-84dBm,-11dB,9dB,233524010,40449,-48dB,3646,,-75dBm,-11dB,10dB,4
2022-06-15 12_14_16.786772,2022-06-15 12_15_41.744792,Airtel,NA,NA,16.0815709435709,11.7950326999334,68.421,233524010,40449,-41dB,3646,,-75dBm,-11dB,7dB,233524010,40449,-46dB,3646,,-81dBm,-11dB,9dB,4
2022-06-15 12_18_37.024572,2022-06-15 12_19_22.999774,Airtel,NA,NA,21.4245799034372,19.9167950890237,109.893,233523980,40449,-57dB,1415,337,-86dBm,-9dB,11dB,233523980,40449,-44dB,1415,337,-71dBm,-9dB,12dB,5
2022-06-15 12_19_48.133758,2022-06-15 12_20_22.867753,Airtel,NA,NA,20.9684554257421,19.5786444192467,53.7,233523980,40449,-51dB,1415,337,-80dBm,-9dB,4dB,233523980,40449,-51dB,1415,337,-85dBm,-9dB,6dB,5
2022-06-15 12_20_32.787696,2022-06-15 12_21_12.269685,Airtel,NA,NA,13.703340143539,6.07938195333671,51.14,233523980,40449,-60dB,1415,337,-94dBm,-9dB,4dB,233523980,40449,-60dB,1415,337,-94dBm,-14dB,3dB,5
2022-06-15 12_21_48.912176,2022-06-15 12_22_20.278256,Airtel,NA,NA,19.5242351590357,17.2234861029476,53.399,233523980,40449,-60dB,1415,337,-94dBm,-14dB,2dB,233523980,40449,-60dB,1415,337,-94dBm,-14dB,7dB,5
2022-06-15 12_22_26.006133,2022-06-15 12_22_59.219227,Airtel,NA,NA,17.540147635559,6.3382779266182,53.467,233523980,40449,-60dB,1415,337,-94dBm,-14dB,9dB,233523980,40449,-60dB,1415,337,-94dBm,-14dB,3dB,5
2022-06-15 12_30_39.127891,2022-06-15 12_31_10.979138,Airtel,NA,NA,16.2863304882919,11.456716105724,61.128,233523980,40449,-63dB,1415,337,-90dBm,-10dB,9dB,233523980,40449,-57dB,1415,337,-90dBm,-10dB,11dB,6
2022-06-15 12_31_19.971486,2022-06-15 12_31_58.385672,Airtel,NA,NA,19.8299611287697,5.89246971104032,50.453,233523980,40449,-57dB,1415,337,-95dBm,-10dB,4dB,233523980,40449,-63dB,1415,337,-95dBm,-10dB,3dB,6
2022-06-15 12_32_03.948271,2022-06-15 12_32_39.448452,Airtel,NA,NA,19.5842657057865,5.99566272285559,56.929,233523980,40449,-63dB,1415,337,-95dBm,-10dB,5dB,233523980,40449,-63dB,1415,337,-91dBm,-10dB,3dB,6
2022-06-15 12_38_15.316828,2022-06-15 12_38_47.030398,Airtel,NA,NA,20.5653982113225,9.94479477928495,54.148,233523980,40449,-59dB,1415,337,-84dBm,-10dB,10dB,233523980,40449,-53dB,1415,337,-84dBm,-10dB,12dB,6
2022-06-15 12_38_57.119256,2022-06-15 12_39_29.759575,Airtel,NA,NA,22.791303903432,10.9367801505584,51.606,233523980,40449,-53dB,1415,337,-84dBm,-10dB,15dB,233523980,40449,-55dB,1415,337,-86dBm,-10dB,12dB,6
2022-06-15 12_49_04.843469,2022-06-15 12_49_37.113253,Airtel,NA,NA,14.7251029246223,8.78063977946863,55.42,233523980,40449,-54dB,1415,337,-86dBm,-15dB,13dB,233523980,40449,-54dB,1415,337,-86dBm,-10dB,5dB,7
2022-06-15 12_49_42.855791,2022-06-15 12_50_18.329154,Airtel,NA,NA,2.41527895773283,2.11146041268312,54.826,233523980,40449,-54dB,1415,337,-86dBm,-10dB,4dB,233523980,40449,-54dB,1415,337,-92dBm,-10dB,4dB,7
2022-06-15 12_50_27.686015,2022-06-15 12_51_04.587836,Airtel,NA,NA,8.93148581160237,2.30648218692907,59.001,233523980,40449,-54dB,1415,337,-85dBm,-10dB,7dB,233523980,40449,-61dB,1415,337,-93dBm,-10dB,3dB,7
2022-06-15 12_51_34.485222,2022-06-15 12_52_08.408350,Airtel,NA,NA,12.7480726536604,7.25715725534286,49.591,233523980,40449,-60dB,1415,337,-86dBm,-10dB,8dB,233523980,,,,,,,,7
2022-06-15 12_55_39.971885,2022-06-15 12_56_13.149780,Airtel,NA,NA,16.4013878649364,4.22683906028179,58.641,233523980,40449,-60dB,1415,337,-96dBm,-15dB,1dB,233523980,40449,-55dB,1415,337,-88dBm,-10dB,9dB,7
2022-06-15 13_24_57.935619,2022-06-15 13_25_31.595476,Airtel,NA,NA,1.66746448537892,7.45246784362882,126.777,233523497,40449,-56dB,3646,,-81dBm,-11dB,3dB,233523497,40449,-56dB,3646,,-82dBm,-11dB,7dB,0
2022-06-15 13_25_53.143238,2022-06-15 13_26_30.755598,Airtel,NA,NA,13.2553207978069,4.14732493578799,50.232,233523497,40449,-56dB,3646,,-82dBm,-11dB,-3dB,233523497,40449,-48dB,3646,,-77dBm,-11dB,-1dB,0
2022-06-15 13_26_45.721079,2022-06-15 13_27_18.696046,Airtel,NA,NA,20.5413063294508,18.0136819871818,51.937,233523497,40449,-54dB,3646,,-82dBm,-11dB,-1dB,233523497,40449,-60dB,1415,337,-91dBm,-13dB,5dB,0
2022-06-15 13_27_24.458166,2022-06-15 13_27_55.992625,Airtel,NA,NA,20.4739555341165,24.5343330583446,51.041,233523980,40449,-53dB,1415,337,-83dBm,-13dB,6dB,233523980,40449,-59dB,1415,337,-94dBm,-13dB,8dB,0
2022-06-15 13_28_48.977349,2022-06-15 13_29_20.842324,Airtel,NA,NA,22.2528029367332,3.64021417362768,54.752,233523980,40449,-62dB,1415,337,-92dBm,-13dB,6dB,233523980,40449,-55dB,1415,337,-92dBm,-13dB,6dB,0
2022-06-15 13_32_08.618726,2022-06-15 13_32_40.448820,Airtel,NA,NA,15.6684137475691,8.48732885438858,55.472,233523467,40449,-68dB,1415,249,-95dBm,-8dB,4dB,233523467,40449,-61dB,1415,337,-90dBm,-8dB,14dB,1
2022-06-15 13_33_15.928739,2022-06-15 13_33_53.095210,Airtel,NA,NA,19.1595208455055,31.0004911272705,51.697,233523467,40449,-61dB,1415,249,-90dBm,-8dB,4dB,233523467,40449,-61dB,1415,337,-90dBm,-13dB,-1dB,1
2022-06-15 13_34_09.874633,2022-06-15 13_34_50.576748,Airtel,NA,NA,8.09783079982612,6.35986338072343,52.501,233523980,40449,-61dB,1415,337,-90dBm,-13dB,7dB,233523980,40449,-67dB,1415,249,-94dBm,-8dB,10dB,1
2022-06-15 13_35_04.604840,2022-06-15 13_35_36.324916,Airtel,NA,NA,19.441689388162,22.6406621529868,53.398,233523467,40449,-67dB,1415,249,-94dBm,-8dB,11dB,233523467,40449,-58dB,1415,337,-89dBm,-13dB,6dB,1
2022-06-15 13_36_40.154538,2022-06-15 13_37_17.792634,Airtel,NA,NA,10.0942518238055,6.33405619307388,56.893,233523467,40449,-65dB,1415,249,-96dBm,-13dB,0dB,233523467,40449,-65dB,1415,249,-96dBm,-13dB,9dB,1
2022-06-15 13_39_44.163772,2022-06-15 13_40_21.790040,Airtel,NA,NA,6.47503389598819,5.48333895603345,53.09,233523980,40449,-59dB,1415,337,-85dBm,-10dB,13dB,233523980,40449,-59dB,1415,337,-91dBm,-10dB,8dB,2
2022-06-15 13_41_21.308976,2022-06-15 13_41_55.020396,Airtel,NA,NA,19.2520227889153,12.5672456865752,49.863,233523467,40449,-59dB,1415,249,-97dBm,-10dB,0dB,233523467,40449,-65dB,1415,249,-97dBm,-10dB,0dB,2
2022-06-15 13_42_00.470265,2022-06-15 13_42_37.256015,Airtel,NA,NA,10.7918267656296,6.00457799738772,48.893,233523467,40449,-65dB,1415,249,-97dBm,-10dB,-1dB,233523467,40449,-65dB,1415,249,-97dBm,-10dB,3dB,2
2022-06-15 13_43_15.763418,2022-06-15 13_43_51.278212,Airtel,NA,NA,16.8650604038246,8.31543010564358,52.405,233523467,40449,-65dB,1415,249,-92dBm,-10dB,3dB,233523467,40449,-59dB,1415,249,-92dBm,-10dB,7dB,2
2022-06-15 13_44_01.224572,2022-06-15 13_44_32.615756,Airtel,NA,NA,15.5906892038449,1.49387543479165,52.142,233523467,40449,-59dB,1415,249,-92dBm,-10dB,1dB,233523467,40449,-65dB,1415,249,-97dBm,-10dB,-2dB,2
2022-06-15 13_46_15.515638,2022-06-15 13_46_50.478933,Airtel,NA,NA,22.5885733496426,7.54863084421781,54.012,233523980,40449,-63dB,1415,337,-95dBm,-15dB,3dB,233523980,40449,-55dB,1415,337,-84dBm,-10dB,6dB,3
2022-06-15 13_46_59.416797,2022-06-15 13_47_40.838287,Airtel,NA,NA,10.4075630438102,8.61050002315558,53.762,233523980,40449,-55dB,1415,337,-84dBm,-10dB,12dB,233523980,40449,-55dB,1415,337,-84dBm,-10dB,7dB,3
2022-06-15 13_47_52.630311,2022-06-15 13_48_25.128014,Airtel,NA,NA,11.7791742463602,2.41631518604732,55.597,233523980,40449,-61dB,1415,337,-89dBm,-10dB,4dB,233523980,40449,-61dB,1415,337,-96dBm,-10dB,6dB,3
2022-06-15 13_51_27.198943,2022-06-15 13_51_59.700533,Airtel,NA,NA,11.1630409041962,5.16010099196174,54.592,233523980,40449,-58dB,1415,337,-88dBm,-10dB,5dB,233523980,40449,-58dB,1415,337,-94dBm,-10dB,3dB,3
2022-06-15 13_52_28.838723,2022-06-15 13_53_00.506742,Airtel,NA,NA,11.35962246159,5.32724193368556,52.506,233523980,40449,-58dB,1415,337,-94dBm,-10dB,5dB,233523980,,,PCI:_2,,RSRQ:_2,,LAC:_2,3
2022-06-15 13_55_30.337599,2022-06-15 13_56_04.320408,Airtel,NA,NA,22.6179907974784,9.18221072591873,55.14,233523980,40449,-59dB,1415,337,-90dBm,-9dB,7dB,233523980,40449,-46dB,1415,337,-75dBm,-9dB,12dB,4
2022-06-15 13_56_16.001422,2022-06-15 13_56_48.348869,Airtel,NA,NA,14.7874501273613,22.4196894478773,49.204,233523980,40449,-46dB,1415,337,-75dBm,-9dB,14dB,233523980,40449,-48dB,1415,337,-76dBm,-9dB,17dB,4
2022-06-15 13_57_17.070664,2022-06-15 13_57_55.047788,Airtel,NA,NA,18.4313632446703,15.2745555425879,59.6,233523980,40449,-48dB,1415,337,-76dBm,-9dB,17dB,233523980,40449,-56dB,1415,337,-87dBm,-9dB,11dB,4
2022-06-15 13_58_08.849835,2022-06-15 13_58_39.482760,Airtel,NA,NA,22.2293024199426,15.8454448364083,53.848,233523980,40449,-56dB,1415,337,-87dBm,-9dB,10dB,233523980,40449,-56dB,1415,337,-87dBm,-9dB,9dB,4
2022-06-15 13_59_51.632727,2022-06-15 14_00_28.151758,Airtel,NA,NA,24.0279586588326,11.407340972957,50.669,233523980,40449,-58dB,1415,337,-87dBm,-9dB,14dB,233523980,40449,-59dB,1415,337,-87dBm,-9dB,8dB,4
2022-06-15 14_05_30.268314,2022-06-15 14_06_01.695898,Airtel,NA,NA,6.87003079734899,8.88193066341582,52.398,233523980,40449,-51dB,1415,337,-87dBm,-13dB,14dB,233523980,40449,-59dB,1415,337,-94dBm,-13dB,6dB,5
2022-06-15 14_06_09.689086,2022-06-15 14_06_42.313813,Airtel,NA,NA,9.53424726051871,2.17392006222711,63.014,233523980,40449,-65dB,1415,337,-94dBm,-13dB,-1dB,233523980,40449,-65dB,1415,337,-99dBm,-13dB,-1dB,5
2022-06-15 14_07_05.760952,2022-06-15 14_07_45.385174,Airtel,NA,NA,13.4022507047435,3.00389381677263,59.319,233523497,40449,-59dB,3646,249,-93dBm,-13dB,2dB,233523497,40449,-59dB,3646,337,-92dBm,-13dB,3dB,5
2022-06-15 14_07_57.948487,2022-06-15 14_08_31.844056,Airtel,NA,NA,12.9092704732565,5.2158861204701,56.132,233524010,40449,-59dB,3646,337,-92dBm,-13dB,0dB,233524010,40449,-59dB,3646,337,-92dBm,-13dB,1dB,5
2022-06-15 14_08_56.560403,2022-06-15 14_09_29.949728,Airtel,NA,NA,16.7098873685534,8.86522939844536,59.331,233524010,40449,-58dB,3646,337,-88dBm,-13dB,2dB,233524010,40449,-58dB,3646,337,-88dBm,-13dB,2dB,5
2022-06-15 14_12_13.843779,2022-06-15 14_12_47.869922,Airtel,NA,NA,24.1246885852588,16.823734288947,52.878,233523980,40449,-47dB,1415,337,-77dBm,-8dB,14dB,233523980,40449,-54dB,1415,337,-84dBm,-8dB,18dB,6
2022-06-15 14_13_36.965379,2022-06-15 14_14_10.845953,Airtel,NA,NA,19.5356983722958,8.00720660896256,54.422,233523980,40449,-44dB,1415,337,-75dBm,-8dB,13dB,233523980,40449,-44dB,1415,337,-75dBm,-8dB,15dB,6
2022-06-15 14_14_49.699012,2022-06-15 14_15_21.794477,Airtel,NA,NA,17.7048051644607,2.31956147714282,60.325,233523980,40449,-57dB,1415,337,-84dBm,-8dB,14dB,233523980,40449,-48dB,1415,337,-78dBm,-8dB,15dB,6
2022-06-15 14_15_54.508049,2022-06-15 14_16_31.974234,Airtel,NA,NA,17.4181345085581,10.2394712644363,52.141,233523980,40449,-48dB,1415,337,-78dBm,-8dB,12dB,233523980,40449,-52dB,1415,337,-85dBm,-8dB,16dB,6
2022-06-15 14_17_09.935721,2022-06-15 14_17_54.145366,Airtel,NA,NA,20.3736102172449,12.455464233262,65.438,233523980,40449,-52dB,1415,337,-80dBm,-8dB,10dB,233523980,40449,-46dB,1415,337,-74dBm,-8dB,12dB,6
2022-06-15 14_19_17.294446,2022-06-15 14_19_49.827652,Airtel,NA,NA,10.0089928884905,4.23933716545218,54.981,233523980,40449,-59dB,1415,337,-92dBm,-14dB,2dB,233523980,40449,-59dB,1415,337,-90dBm,-14dB,0dB,7
2022-06-15 14_20_15.017638,2022-06-15 14_21_07.535647,Airtel,NA,NA,18.4110863458627,3.38493122923482,55.172,233523980,40449,-59dB,1415,337,-95dBm,-14dB,-2dB,233523980,40449,-65dB,1415,337,-100dBm,-14dB,0dB,7
2022-06-15 14_21_15.248033,2022-06-15 14_21_51.751474,Airtel,NA,NA,2.56951504236881,3.96513462124328,55.2,233523980,40449,-65dB,1415,337,-100dBm,-14dB,0dB,233523980,40449,-65dB,1415,337,-95dBm,-14dB,1dB,7
2022-06-15 14_23_22.097923,2022-06-15 14_24_01.953489,Airtel,NA,NA,8.79638813565077,3.87345793975861,59.619,233523980,40449,-65dB,1415,337,-101dBm,-14dB,-1dB,233523980,40449,-65dB,1415,337,-92dBm,-14dB,3dB,7
2022-06-15 14_21_15.248033,2022-06-15 14_21_51.751474,Airtel,NA,NA,2.56951504236881,3.96513462124328,55.2,233523980,40449,-65dB,1415,337,-100dBm,-14dB,0dB,233523980,40449,-65dB,1415,337,-95dBm,-14dB,1dB,7
